EMG 1,EMG 2,EMG 3,EMG 4,EMG 5,EMG 6,EMG 7,EMG 8,Timestamp,Milliseconds
-1,0,2,1,-1,1,0,0,2021-08-07 10:48:29,661616
0,-2,-2,-3,-4,-4,-2,-2,2021-08-07 10:48:29,661616
-1,-4,-3,-7,-6,-3,-3,-1,2021-08-07 10:48:29,661616
0,0,0,1,3,0,-1,-1,2021-08-07 10:48:29,661616
-1,-1,-2,-3,-8,-3,0,0,2021-08-07 10:48:29,661616
1,0,2,3,7,3,1,0,2021-08-07 10:48:29,661616
-3,-4,-4,-3,-7,-4,-2,-1,2021-08-07 10:48:29,661616
-1,-3,1,4,8,1,1,0,2021-08-07 10:48:29,662615
1,1,0,3,4,0,0,0,2021-08-07 10:48:29,662615
2,2,1,-5,-3,1,1,1,2021-08-07 10:48:29,662615
-1,-1,-4,-10,-11,-5,-3,-3,2021-08-07 10:48:29,676620
-4,-3,-4,-4,-3,-2,-3,-2,2021-08-07 10:48:29,676620
-2,-2,-3,-5,-3,-2,-1,-1,2021-08-07 10:48:29,676620
-1,0,0,5,1,0,0,0,2021-08-07 10:48:29,676620
-1,0,-1,0,0,0,1,-2,2021-08-07 10:48:29,692615
0,-1,-3,-4,-4,-1,-1,-1,2021-08-07 10:48:29,692615
0,-2,0,-1,2,2,0,-3,2021-08-07 10:48:29,708616
0,2,1,8,6,1,1,0,2021-08-07 10:48:29,724614
-1,-1,0,1,-1,0,0,0,2021-08-07 10:48:29,724614
-3,-3,-5,-9,-12,-5,-3,-2,2021-08-07 10:48:29,724614
0,2,3,10,3,1,1,0,2021-08-07 10:48:29,724614
-1,-1,-4,-9,2,1,0,0,2021-08-07 10:48:29,724614
0,2,4,8,6,1,0,0,2021-08-07 10:48:29,740615
-1,-2,-2,-4,-6,-3,0,-1,2021-08-07 10:48:29,740615
-1,-2,-2,-2,-3,-3,-2,-2,2021-08-07 10:48:29,772616
1,1,0,2,2,1,-1,-2,2021-08-07 10:48:29,772616
-2,-3,-2,-2,-1,-1,-2,-2,2021-08-07 10:48:29,772616
-4,-3,-4,-8,-7,-3,-4,-3,2021-08-07 10:48:29,772616
4,2,2,2,1,3,5,2,2021-08-07 10:48:29,772616
0,-1,-2,-5,-2,-3,-1,1,2021-08-07 10:48:29,772616
2,1,2,6,2,3,1,1,2021-08-07 10:48:29,772616
1,1,3,5,12,4,0,1,2021-08-07 10:48:29,772616
-4,-6,-8,-19,-20,-10,-5,-1,2021-08-07 10:48:29,788615
2,5,8,21,16,7,2,1,2021-08-07 10:48:29,788615
-2,1,-1,-3,-1,-1,-1,-2,2021-08-07 10:48:29,788615
-3,-3,-6,-9,-14,-5,-4,-3,2021-08-07 10:48:29,788615
0,1,1,9,6,1,-1,-1,2021-08-07 10:48:29,804615
0,-1,1,-2,-4,-2,0,0,2021-08-07 10:48:29,804615
1,0,3,8,13,4,0,-1,2021-08-07 10:48:29,820616
1,0,0,3,3,3,2,0,2021-08-07 10:48:29,820616
-1,-2,-2,-6,-5,-3,-3,-2,2021-08-07 10:48:29,820616
-2,-3,-5,-10,-8,-4,-2,-2,2021-08-07 10:48:29,820616
-2,-1,-1,-5,-4,-2,0,0,2021-08-07 10:48:29,835616
0,-1,0,0,0,-2,-2,-1,2021-08-07 10:48:29,835616
1,2,1,0,4,4,2,2,2021-08-07 10:48:29,851614
-2,-1,-1,-4,-4,-2,-2,0,2021-08-07 10:48:29,851614
-2,-2,-3,-3,-4,-1,-3,-2,2021-08-07 10:48:29,851614
-2,-2,-5,-8,-8,-5,-2,-1,2021-08-07 10:48:29,857616
1,1,5,11,13,5,1,0,2021-08-07 10:48:29,882615
-1,-3,-4,-4,-5,-3,-1,-1,2021-08-07 10:48:29,882615
0,1,0,0,2,0,0,0,2021-08-07 10:48:29,882615
0,1,3,11,5,1,0,0,2021-08-07 10:48:29,882615
-1,-1,0,-1,2,0,-2,-1,2021-08-07 10:48:29,882615
-3,-4,-5,-10,-12,-7,-3,-4,2021-08-07 10:48:29,882615
-2,-4,-4,-9,-10,-6,-4,-2,2021-08-07 10:48:29,898614
0,0,3,3,9,3,0,2,2021-08-07 10:48:29,898614
-3,-2,-2,-2,-6,-4,-1,-2,2021-08-07 10:48:29,914616
2,1,4,10,13,6,0,0,2021-08-07 10:48:29,914616
-2,-3,-5,-7,-12,-7,-2,-2,2021-08-07 10:48:29,914616
-3,-2,-3,-10,-8,-4,-1,-1,2021-08-07 10:48:29,914616
1,0,2,8,12,2,0,0,2021-08-07 10:48:29,930615
-1,-4,-4,-7,-8,-5,-2,-1,2021-08-07 10:48:29,930615
0,-1,-1,-1,-1,1,2,-1,2021-08-07 10:48:29,930615
1,-2,-1,-4,-4,-3,-2,-3,2021-08-07 10:48:29,930615
-2,-1,-2,0,-4,-3,-4,-4,2021-08-07 10:48:29,946615
-1,1,1,-2,2,-1,-1,-1,2021-08-07 10:48:29,946615
-1,-1,-1,-2,-3,-3,-1,-3,2021-08-07 10:48:29,946615
-3,-2,-4,-4,-7,-4,-2,-1,2021-08-07 10:48:29,946615
0,0,-1,0,8,4,2,1,2021-08-07 10:48:29,976616
1,1,2,9,5,4,1,1,2021-08-07 10:48:29,976616
-2,-3,-3,-8,-8,-5,-2,0,2021-08-07 10:48:29,976616
2,1,4,12,8,4,2,1,2021-08-07 10:48:29,976616
-4,-3,-6,-12,-11,-5,-3,-2,2021-08-07 10:48:29,992618
2,4,3,0,4,2,2,2,2021-08-07 10:48:29,992618
-1,0,1,4,5,3,1,0,2021-08-07 10:48:29,992618
-2,-3,-2,-1,-2,-3,-2,-3,2021-08-07 10:48:29,992618
-1,-1,0,-1,-5,-3,-2,-1,2021-08-07 10:48:30,008614
-2,-3,-4,-6,-6,-3,-2,-3,2021-08-07 10:48:30,008614
0,-2,0,-3,-4,-2,-3,0,2021-08-07 10:48:30,024615
1,2,0,1,3,0,0,2,2021-08-07 10:48:30,040616
1,1,0,-1,-1,-1,0,2,2021-08-07 10:48:30,056618
-2,-2,-3,-6,-4,-2,-1,-1,2021-08-07 10:48:30,056618
-1,-1,-1,-3,-9,-5,-4,0,2021-08-07 10:48:30,056618
-1,-1,-3,-5,9,3,0,1,2021-08-07 10:48:30,056618
1,1,5,14,14,4,3,2,2021-08-07 10:48:30,057616
-3,-3,-5,-9,-6,-3,-1,-3,2021-08-07 10:48:30,057616
-2,0,3,9,5,1,0,-1,2021-08-07 10:48:30,057616
-1,-3,-2,-10,-13,-5,-3,-3,2021-08-07 10:48:30,057616
0,0,-2,-5,-7,-3,0,-1,2021-08-07 10:48:30,072614
-1,0,1,4,2,-2,1,1,2021-08-07 10:48:30,072614
-2,-2,-1,0,-1,-2,-2,-1,2021-08-07 10:48:30,072614
-2,-1,-1,2,0,0,-1,-2,2021-08-07 10:48:30,072614
-1,0,-3,-8,-8,-3,-4,-1,2021-08-07 10:48:30,088616
-1,0,2,3,3,2,1,0,2021-08-07 10:48:30,088616
3,4,3,1,4,3,2,4,2021-08-07 10:48:30,088616
-1,1,2,2,3,0,1,0,2021-08-07 10:48:30,088616
-1,-4,-4,-1,-3,-4,-2,0,2021-08-07 10:48:30,104615
-1,-3,-2,2,-1,0,-1,-3,2021-08-07 10:48:30,104615
-3,-2,-1,8,8,2,-1,-3,2021-08-07 10:48:30,120617
3,4,4,9,5,2,3,1,2021-08-07 10:48:30,120617
0,-1,-2,-2,-5,0,-1,-1,2021-08-07 10:48:30,120617
-1,-1,-1,-6,-5,-4,-2,1,2021-08-07 10:48:30,120617
-2,-2,-5,-8,-3,-1,-1,-3,2021-08-07 10:48:30,152616
0,-1,2,5,3,-2,0,-1,2021-08-07 10:48:30,152616
2,0,1,-3,-1,0,1,3,2021-08-07 10:48:30,152616
-2,-4,-5,-8,-10,-3,0,-1,2021-08-07 10:48:30,152616
-1,0,-2,5,13,6,1,-1,2021-08-07 10:48:30,152616
-2,-2,0,-3,-1,0,-2,-2,2021-08-07 10:48:30,152616
-4,-1,4,5,3,1,-2,-5,2021-08-07 10:48:30,168617
-3,1,-1,-1,-1,-1,-5,-2,2021-08-07 10:48:30,168617
0,1,-2,-6,-9,-5,-3,-2,2021-08-07 10:48:30,184615
0,-2,0,-3,-5,-1,-2,0,2021-08-07 10:48:30,200615
1,0,0,4,6,3,2,0,2021-08-07 10:48:30,216615
-2,-2,-5,-10,-6,-4,-2,-3,2021-08-07 10:48:30,216615
1,0,-2,0,2,0,0,2,2021-08-07 10:48:30,232616
1,0,0,-2,-2,-2,-2,0,2021-08-07 10:48:30,248615
-4,-3,-4,-2,-5,-2,-1,-2,2021-08-07 10:48:30,264615
2,0,-1,-1,1,1,1,0,2021-08-07 10:48:30,264615
-2,-3,2,-1,-1,-1,-1,0,2021-08-07 10:48:30,264615
-2,-1,-4,-3,-4,-3,-1,-2,2021-08-07 10:48:30,264615
-1,-1,0,-1,-3,-2,-1,-3,2021-08-07 10:48:30,264615
-1,-2,1,3,3,1,0,1,2021-08-07 10:48:30,264615
-1,0,0,-1,0,-2,-1,0,2021-08-07 10:48:30,264615
0,0,-3,-1,-3,-2,0,1,2021-08-07 10:48:30,264615
-1,-2,-2,-4,-1,-1,1,1,2021-08-07 10:48:30,265616
-1,0,2,5,3,2,0,-2,2021-08-07 10:48:30,265616
-1,-1,-1,-3,-6,-3,0,0,2021-08-07 10:48:30,265616
0,-1,-3,-6,5,2,0,-1,2021-08-07 10:48:30,265616
0,1,1,6,1,1,0,0,2021-08-07 10:48:30,265616
1,1,2,3,2,1,0,1,2021-08-07 10:48:30,265616
-1,-1,0,2,-1,0,-2,-1,2021-08-07 10:48:30,280615
-3,-4,-6,-9,-10,-7,-4,-4,2021-08-07 10:48:30,285616
-1,-2,-1,-4,-2,0,-1,-1,2021-08-07 10:48:30,285616
-2,0,-1,1,3,-1,-1,-1,2021-08-07 10:48:30,285616
-1,-2,-2,-2,-2,0,-1,-1,2021-08-07 10:48:30,310618
-1,0,0,3,1,0,1,1,2021-08-07 10:48:30,326615
0,-1,-1,-2,1,0,-1,0,2021-08-07 10:48:30,326615
0,0,1,1,-2,-1,-1,-2,2021-08-07 10:48:30,326615
-1,-1,-2,-3,-2,-1,0,-3,2021-08-07 10:48:30,326615
-1,-1,1,0,-4,-2,0,-1,2021-08-07 10:48:30,326615
-1,-2,-1,-1,2,-2,-2,0,2021-08-07 10:48:30,326615
1,1,0,1,5,2,0,1,2021-08-07 10:48:30,326615
-2,-3,-4,-14,-13,-8,-2,-1,2021-08-07 10:48:30,342617
3,1,6,16,13,5,1,0,2021-08-07 10:48:30,358617
-2,-1,-2,-2,-8,-4,-3,-3,2021-08-07 10:48:30,374616
-1,-1,-4,-10,-8,-4,-1,-2,2021-08-07 10:48:30,374616
2,0,3,19,23,6,2,1,2021-08-07 10:48:30,374616
-3,-2,-5,-13,-11,-3,-3,-2,2021-08-07 10:48:30,374616
-1,-1,-2,-7,-6,-3,-1,1,2021-08-07 10:48:30,374616
-1,-4,-1,5,9,2,0,0,2021-08-07 10:48:30,374616
0,-1,-1,-8,-9,-2,-2,0,2021-08-07 10:48:30,375619
-1,-2,-3,-6,-6,-3,-3,-2,2021-08-07 10:48:30,375619
1,1,1,7,5,1,0,-1,2021-08-07 10:48:30,406615
-2,-3,-2,-8,-10,-3,-2,-2,2021-08-07 10:48:30,406615
-1,-1,0,0,-3,-1,-1,0,2021-08-07 10:48:30,406615
0,1,2,6,12,5,1,0,2021-08-07 10:48:30,406615
0,-2,-2,-2,-2,-1,-2,-1,2021-08-07 10:48:30,406615
-1,-3,-5,-6,-7,-5,-1,-2,2021-08-07 10:48:30,407617
0,-1,2,2,7,5,1,-1,2021-08-07 10:48:30,422616
1,0,0,-2,-10,-5,-1,0,2021-08-07 10:48:30,438616
0,1,2,3,8,3,1,-1,2021-08-07 10:48:30,438616
-4,-5,-5,-8,-15,-7,-4,-4,2021-08-07 10:48:30,438616
1,3,4,14,16,6,2,0,2021-08-07 10:48:30,438616
-4,-3,-4,-3,-3,-2,-2,-1,2021-08-07 10:48:30,438616
3,2,3,5,6,3,2,0,2021-08-07 10:48:30,454615
-2,2,0,0,0,-1,-1,0,2021-08-07 10:48:30,454615
-3,-3,-5,-13,-15,-9,-5,-1,2021-08-07 10:48:30,454615
-1,-2,0,2,-1,-1,-1,0,2021-08-07 10:48:30,454615
-1,-3,-3,-4,-7,-3,-2,-2,2021-08-07 10:48:30,470616
2,2,1,5,14,6,1,2,2021-08-07 10:48:30,470616
1,-1,-1,-1,-5,-3,-2,-2,2021-08-07 10:48:30,470616
0,1,0,-1,2,-1,0,-1,2021-08-07 10:48:30,470616
-3,-4,-8,-18,-15,-7,-3,-3,2021-08-07 10:48:30,486617
4,3,8,17,16,8,4,2,2021-08-07 10:48:30,486617
-2,-1,1,2,5,3,1,0,2021-08-07 10:48:30,502618
0,-1,-2,-3,1,1,-1,0,2021-08-07 10:48:30,518616
0,-2,1,-2,-5,-6,-2,-2,2021-08-07 10:48:30,518616
-3,-2,-6,-10,-7,-5,-4,-3,2021-08-07 10:48:30,518616
0,1,4,8,2,2,1,1,2021-08-07 10:48:30,518616
-4,-4,-7,-17,-9,-3,-2,-3,2021-08-07 10:48:30,518616
3,4,6,18,20,10,4,3,2021-08-07 10:48:30,534614
-1,-3,-3,-5,-6,-4,-1,-2,2021-08-07 10:48:30,534614
0,0,-2,-4,-4,-3,-1,-2,2021-08-07 10:48:30,534614
-3,-3,-4,-9,-12,-7,-3,-2,2021-08-07 10:48:30,534614
-1,-1,-2,0,5,3,-1,0,2021-08-07 10:48:30,549614
0,0,1,5,7,2,-1,1,2021-08-07 10:48:30,549614
-3,-3,-6,-12,-8,-4,-2,-3,2021-08-07 10:48:30,565616
0,0,1,5,0,0,0,0,2021-08-07 10:48:30,565616
2,1,0,3,11,3,1,1,2021-08-07 10:48:30,565616
-1,0,2,3,-1,-1,-1,-1,2021-08-07 10:48:30,565616
-2,-5,-3,-5,-7,-4,-2,-2,2021-08-07 10:48:30,581615
-1,-2,-3,-4,-12,-5,-2,-2,2021-08-07 10:48:30,581615
2,4,4,2,11,6,3,4,2021-08-07 10:48:30,612616
1,1,3,7,11,5,0,0,2021-08-07 10:48:30,628615
-1,-2,-1,-1,2,1,-1,-1,2021-08-07 10:48:30,644616
1,-2,2,6,5,2,0,-1,2021-08-07 10:48:30,644616
-4,-4,-8,-16,-22,-10,-5,-5,2021-08-07 10:48:30,644616
-2,-1,-1,2,1,0,0,0,2021-08-07 10:48:30,644616
1,2,2,3,3,1,1,1,2021-08-07 10:48:30,644616
-1,-1,-1,-2,0,0,-1,-2,2021-08-07 10:48:30,660617
-1,-2,-1,-6,-3,-3,0,-3,2021-08-07 10:48:30,676616
0,-2,-3,-6,-8,-3,-2,-3,2021-08-07 10:48:30,676616
0,-1,1,2,5,0,-1,-1,2021-08-07 10:48:30,676616
-2,2,-1,2,4,0,1,0,2021-08-07 10:48:30,692616
-2,-2,-4,-6,-7,-3,-2,-2,2021-08-07 10:48:30,692616
0,1,0,1,-1,1,0,0,2021-08-07 10:48:30,692616
-3,-3,-5,-8,-5,-4,-3,-3,2021-08-07 10:48:30,692616
2,1,5,9,13,6,1,2,2021-08-07 10:48:30,692616
-1,-1,0,3,-2,0,1,-1,2021-08-07 10:48:30,692616
-1,0,0,0,-3,-3,-1,0,2021-08-07 10:48:30,692616
-1,-2,-2,-7,-3,-3,-2,-1,2021-08-07 10:48:30,692616
-1,-1,-2,-4,-4,-2,-1,-1,2021-08-07 10:48:30,693617
0,0,1,4,-3,-2,-2,0,2021-08-07 10:48:30,693617
-1,-1,-2,2,3,1,1,0,2021-08-07 10:48:30,707616
-1,-2,-4,-6,-4,-2,-2,-2,2021-08-07 10:48:30,707616
0,0,0,6,6,2,1,0,2021-08-07 10:48:30,707616
-1,-2,-3,-5,-4,-2,-2,0,2021-08-07 10:48:30,707616
-1,-2,-3,-6,-3,-3,-3,-1,2021-08-07 10:48:30,707616
0,1,1,4,3,0,0,2,2021-08-07 10:48:30,718616
-2,-2,-2,-2,-2,-2,-1,-2,2021-08-07 10:48:30,718616
1,-1,2,3,5,1,1,0,2021-08-07 10:48:30,739616
1,0,0,0,-2,-1,-2,0,2021-08-07 10:48:30,739616
-1,0,0,2,1,1,-2,-3,2021-08-07 10:48:30,739616
-2,-2,-4,-4,-1,0,0,-2,2021-08-07 10:48:30,739616
-2,-1,-1,-1,-2,-2,-1,-2,2021-08-07 10:48:30,755616
1,3,4,3,3,3,0,1,2021-08-07 10:48:30,755616
1,3,9,11,8,5,1,1,2021-08-07 10:48:30,771616
-2,-2,-3,-3,-3,-1,1,-1,2021-08-07 10:48:30,771616
-8,-13,-17,-21,-17,-12,-6,-7,2021-08-07 10:48:30,771616
-7,-9,-14,-24,-17,-11,-6,-4,2021-08-07 10:48:30,771616
0,1,5,11,-3,-1,-1,0,2021-08-07 10:48:30,786617
1,3,9,15,9,3,1,1,2021-08-07 10:48:30,802615
4,7,12,10,12,9,4,1,2021-08-07 10:48:30,802615
-2,-2,-6,-2,0,0,0,-3,2021-08-07 10:48:30,802615
-2,-2,-7,-12,-5,-1,-2,-1,2021-08-07 10:48:30,802615
0,-1,-1,-4,2,1,0,1,2021-08-07 10:48:30,802615
-2,-1,-1,2,-6,-4,-1,-1,2021-08-07 10:48:30,818614
3,5,11,19,12,7,3,2,2021-08-07 10:48:30,818614
1,0,0,-6,-2,-1,0,1,2021-08-07 10:48:30,818614
2,0,-2,9,3,3,1,-1,2021-08-07 10:48:30,818614
0,-2,-4,-6,-4,-1,-3,0,2021-08-07 10:48:30,834615
-2,-3,-6,-15,-17,-7,-1,-1,2021-08-07 10:48:30,834615
0,-3,-1,4,9,1,1,-1,2021-08-07 10:48:30,850616
-5,-3,-1,1,4,-1,-2,-3,2021-08-07 10:48:30,866616
-3,0,2,3,3,1,-1,-3,2021-08-07 10:48:30,882615
-1,-1,1,-2,-2,-1,-3,-4,2021-08-07 10:48:30,882615
-3,0,-4,-9,-12,-5,-4,-3,2021-08-07 10:48:30,882615
1,4,2,-2,-1,-1,0,-1,2021-08-07 10:48:30,882615
0,1,-1,3,3,0,0,1,2021-08-07 10:48:30,882615
-1,0,0,-5,-4,-3,0,-1,2021-08-07 10:48:30,882615
0,-3,-5,-7,-6,-3,-2,-3,2021-08-07 10:48:30,883615
1,-1,1,2,-3,0,-2,1,2021-08-07 10:48:30,883615
-1,-2,0,1,1,0,1,0,2021-08-07 10:48:30,898615
1,-1,1,5,4,1,1,-1,2021-08-07 10:48:30,914616
-2,-3,-1,4,2,1,-1,0,2021-08-07 10:48:30,930615
0,-1,0,-1,-6,-4,-1,-1,2021-08-07 10:48:30,946615
0,0,-4,-10,-2,1,-1,0,2021-08-07 10:48:30,946615
-1,-1,-1,-3,0,-2,-1,1,2021-08-07 10:48:30,946615
-1,-1,-2,-1,-3,-2,0,-2,2021-08-07 10:48:30,946615
-2,-2,-3,-9,-7,-4,-4,-4,2021-08-07 10:48:30,946615
1,-1,2,3,0,-2,-1,0,2021-08-07 10:48:30,946615
-2,-1,0,2,4,1,0,0,2021-08-07 10:48:30,946615
0,0,-1,-1,-1,-1,-1,1,2021-08-07 10:48:30,947617
-3,0,-1,-8,-6,-2,-1,0,2021-08-07 10:48:30,962616
0,0,0,3,-1,-2,-2,-1,2021-08-07 10:48:30,962616
-1,-1,-1,-3,-4,-3,-1,-1,2021-08-07 10:48:30,962616
-1,-1,-2,-2,-9,-6,-1,-3,2021-08-07 10:48:30,978616
0,-2,0,1,12,6,1,0,2021-08-07 10:48:30,978616
0,0,2,8,5,2,0,1,2021-08-07 10:48:30,978616
1,1,2,1,0,0,0,0,2021-08-07 10:48:30,978616
-3,-3,-3,-3,-4,-5,-3,-2,2021-08-07 10:48:30,978616
-1,-2,-3,-9,-7,-4,-2,-1,2021-08-07 10:48:30,978616
0,-2,0,-2,-2,-1,0,-1,2021-08-07 10:48:30,994616
-2,0,-1,4,2,0,1,0,2021-08-07 10:48:30,994616
0,0,-1,1,1,1,1,0,2021-08-07 10:48:31,009616
-2,-1,-2,-1,0,-1,-2,-1,2021-08-07 10:48:31,025615
-2,0,2,2,0,0,-1,-2,2021-08-07 10:48:31,041615
-1,-1,-1,-2,-3,-1,0,-1,2021-08-07 10:48:31,041615
0,0,1,-1,2,1,0,1,2021-08-07 10:48:31,057616
-1,-1,-2,-3,-4,-2,-3,0,2021-08-07 10:48:31,073616
-1,-1,-2,0,0,0,-1,-3,2021-08-07 10:48:31,089617
0,-1,1,0,0,1,0,0,2021-08-07 10:48:31,089617
0,-3,-1,1,4,2,0,-1,2021-08-07 10:48:31,089617
-1,-1,-3,-4,-5,-4,-1,-2,2021-08-07 10:48:31,089617
-1,1,0,3,-1,-1,-1,0,2021-08-07 10:48:31,089617
-1,-2,-3,-7,-10,-5,-2,-1,2021-08-07 10:48:31,089617
-2,0,-4,-3,1,1,0,0,2021-08-07 10:48:31,089617
1,0,1,2,7,4,0,-1,2021-08-07 10:48:31,090617
0,-1,1,5,7,3,1,-2,2021-08-07 10:48:31,090617
0,-1,-2,-5,-3,-3,-1,-1,2021-08-07 10:48:31,090617
-3,-1,0,-1,-4,-1,-2,-2,2021-08-07 10:48:31,090617
-2,0,-2,4,-2,-2,1,-1,2021-08-07 10:48:31,090617
-1,-1,-3,-6,-8,-4,-3,-1,2021-08-07 10:48:31,090617
0,0,0,0,2,3,0,-1,2021-08-07 10:48:31,090617
-2,0,-4,-9,-7,-4,-3,-2,2021-08-07 10:48:31,105618
0,-2,0,-3,-1,-1,0,-1,2021-08-07 10:48:31,121616
-1,-1,0,0,2,1,0,0,2021-08-07 10:48:31,137616
-1,-1,-3,1,-1,-2,-2,-1,2021-08-07 10:48:31,137616
1,1,2,6,5,1,0,-1,2021-08-07 10:48:31,137616
0,-1,-1,-3,-1,-1,1,0,2021-08-07 10:48:31,137616
-2,-2,-5,-9,-9,-3,-2,-1,2021-08-07 10:48:31,137616
0,0,0,-2,1,0,-2,-1,2021-08-07 10:48:31,137616
1,0,1,7,7,3,-1,1,2021-08-07 10:48:31,149616
0,1,3,3,-1,0,0,1,2021-08-07 10:48:31,149616
-1,-1,-2,-5,-6,-2,-2,0,2021-08-07 10:48:31,149616
1,-1,0,6,10,4,0,0,2021-08-07 10:48:31,150616
-2,-1,-1,-4,-4,-3,-1,0,2021-08-07 10:48:31,169616
-2,-4,-3,-4,-9,-4,-3,-1,2021-08-07 10:48:31,169616
2,1,-1,-3,-3,-1,1,1,2021-08-07 10:48:31,169616
0,0,2,7,6,2,0,0,2021-08-07 10:48:31,169616
0,-3,-2,-6,-2,-1,-1,-1,2021-08-07 10:48:31,185615
-1,0,-1,3,4,0,-2,-1,2021-08-07 10:48:31,185615
-1,-2,-3,-7,-6,-5,-4,-1,2021-08-07 10:48:31,185615
-1,0,0,3,-6,-4,-2,-2,2021-08-07 10:48:31,185615
0,-1,-2,-5,-5,-1,1,0,2021-08-07 10:48:31,217615
-1,0,-1,3,0,1,0,-1,2021-08-07 10:48:31,217615
0,-2,-2,-1,-1,0,-1,1,2021-08-07 10:48:31,217615
-1,-1,-4,-5,-5,-2,-2,-1,2021-08-07 10:48:31,217615
-3,-5,-6,-12,-12,-5,-4,-3,2021-08-07 10:48:31,217615
3,2,6,15,9,2,1,0,2021-08-07 10:48:31,217615
2,2,1,6,13,5,4,0,2021-08-07 10:48:31,232616
-1,0,3,6,4,1,1,-1,2021-08-07 10:48:31,248616
-1,-1,-3,-4,-7,-4,-2,-1,2021-08-07 10:48:31,263614
-2,-1,-2,-4,-5,-2,-2,0,2021-08-07 10:48:31,263614
-1,-1,0,-1,-1,-3,-1,-1,2021-08-07 10:48:31,263614
0,1,-1,-5,-4,-2,0,1,2021-08-07 10:48:31,263614
0,0,-1,3,4,1,0,-2,2021-08-07 10:48:31,264617
-2,-2,-3,-8,-5,-4,-2,-3,2021-08-07 10:48:31,264617
-1,-1,-1,1,1,0,1,-2,2021-08-07 10:48:31,279615
-3,-2,-4,-5,-5,-1,-1,0,2021-08-07 10:48:31,279615
0,0,1,2,1,-1,1,-1,2021-08-07 10:48:31,279615
2,-1,1,2,6,4,2,3,2021-08-07 10:48:31,279615
-2,-2,3,-1,-4,-1,-2,-2,2021-08-07 10:48:31,295615
-2,-2,-5,-4,-3,-2,-4,-2,2021-08-07 10:48:31,295615
-1,1,0,2,6,1,0,0,2021-08-07 10:48:31,311348
0,1,2,9,0,0,-1,-1,2021-08-07 10:48:31,326653
-3,-3,-6,-17,-17,-9,-4,-2,2021-08-07 10:48:31,326653
3,4,8,18,24,12,5,4,2021-08-07 10:48:31,326653
2,1,3,7,10,5,3,1,2021-08-07 10:48:31,326653
-3,-3,-5,-8,-7,-3,-3,-3,2021-08-07 10:48:31,326653
-1,0,0,4,4,0,-2,-1,2021-08-07 10:48:31,326653
-2,-4,-5,-16,-19,-11,-5,-4,2021-08-07 10:48:31,327658
-1,-1,-1,2,5,1,1,-1,2021-08-07 10:48:31,342655
-2,-2,-4,-4,-4,-1,0,-1,2021-08-07 10:48:31,358657
-1,-1,-3,2,1,0,1,-1,2021-08-07 10:48:31,374654
-2,-2,-1,-3,-1,-2,0,0,2021-08-07 10:48:31,374654
-1,0,4,7,3,0,-2,-1,2021-08-07 10:48:31,374654
-2,-2,-4,-6,-2,-3,0,-2,2021-08-07 10:48:31,374654
2,1,2,0,-1,0,-1,1,2021-08-07 10:48:31,374654
-1,-1,-1,-2,1,-2,-1,-1,2021-08-07 10:48:31,374654
-1,0,0,-1,-2,0,-1,0,2021-08-07 10:48:31,406658
-1,0,-2,-3,-5,-4,-1,0,2021-08-07 10:48:31,422657
-1,-1,-2,-2,0,-3,-1,-1,2021-08-07 10:48:31,422657
0,-1,-2,-2,-2,0,1,-2,2021-08-07 10:48:31,422657
-1,0,-2,-2,-3,-2,-2,0,2021-08-07 10:48:31,422657
-2,0,0,-5,1,0,-2,-2,2021-08-07 10:48:31,422657
0,1,0,4,-1,-1,-1,0,2021-08-07 10:48:31,438655
0,1,4,6,10,3,0,0,2021-08-07 10:48:31,454655
0,-2,-3,-3,-5,-4,-1,-2,2021-08-07 10:48:31,454655
1,0,0,1,4,2,-1,0,2021-08-07 10:48:31,454655
-1,0,1,5,2,1,1,0,2021-08-07 10:48:31,454655
-1,-4,-5,-6,-6,-2,-2,-2,2021-08-07 10:48:31,454655
-2,-3,-5,-5,-9,-6,-3,0,2021-08-07 10:48:31,454655
0,0,1,3,1,-2,-2,0,2021-08-07 10:48:31,454655
3,3,2,1,3,1,1,0,2021-08-07 10:48:31,454655
-2,-2,-2,0,0,1,-1,-1,2021-08-07 10:48:31,455656
-3,-5,-8,-15,-9,-7,-3,-2,2021-08-07 10:48:31,470655
-1,-2,-3,-1,-3,-2,1,-1,2021-08-07 10:48:31,486658
2,4,6,14,10,5,0,-1,2021-08-07 10:48:31,486658
1,2,3,2,2,1,2,0,2021-08-07 10:48:31,486658
-3,-3,-7,-11,-12,-8,-5,-2,2021-08-07 10:48:31,486658
-1,-2,-4,-3,-1,-1,-1,-2,2021-08-07 10:48:31,486658
-1,-2,2,-5,-1,0,-1,-1,2021-08-07 10:48:31,487656
-2,0,-2,0,-2,-3,-3,-3,2021-08-07 10:48:31,487656
0,1,5,10,6,3,2,1,2021-08-07 10:48:31,518655
-1,-1,2,2,0,0,0,0,2021-08-07 10:48:31,518655
-3,-2,-7,2,1,-1,0,-2,2021-08-07 10:48:31,518655
0,0,-5,-16,-9,-6,-2,0,2021-08-07 10:48:31,518655
0,0,-2,-7,-1,0,1,1,2021-08-07 10:48:31,534653
3,1,2,6,8,6,2,2,2021-08-07 10:48:31,550214
-1,-4,-1,-1,-1,-1,3,1,2021-08-07 10:48:31,566207
-3,-3,-1,3,1,-1,0,0,2021-08-07 10:48:31,566207
-3,-1,0,5,4,2,-2,-2,2021-08-07 10:48:31,566207
-3,-1,2,0,-2,-1,-3,-2,2021-08-07 10:48:31,566207
-5,-4,-4,-6,-6,-5,-5,-6,2021-08-07 10:48:31,566207
-1,-1,0,-3,-6,-5,-4,-3,2021-08-07 10:48:31,567211
3,2,5,4,4,2,0,-1,2021-08-07 10:48:31,567211
0,-2,-4,-7,-6,-4,-3,-1,2021-08-07 10:48:31,567211
1,-1,-4,-7,1,0,-1,1,2021-08-07 10:48:31,567211
0,0,1,5,3,1,1,0,2021-08-07 10:48:31,567211
2,3,5,15,15,9,4,2,2021-08-07 10:48:31,597208
-3,-1,-3,-5,-11,-5,-2,-3,2021-08-07 10:48:31,613207
-2,-2,-2,0,-1,0,-1,0,2021-08-07 10:48:31,615210
2,0,-1,2,-1,0,-2,0,2021-08-07 10:48:31,615210
-3,-1,-1,-3,-3,-2,-1,-2,2021-08-07 10:48:31,615210
0,0,-1,-4,-4,1,0,1,2021-08-07 10:48:31,615210
-3,-3,-3,-9,-8,-3,-1,0,2021-08-07 10:48:31,616211
-1,-1,-1,1,2,1,1,1,2021-08-07 10:48:31,616211
-3,-3,1,2,-1,-3,-1,-3,2021-08-07 10:48:31,629208
0,0,-3,-1,-1,-3,-2,-1,2021-08-07 10:48:31,629208
-1,1,3,4,-1,0,1,0,2021-08-07 10:48:31,629208
0,-1,-3,-4,3,2,1,-1,2021-08-07 10:48:31,629208
0,0,-2,-4,-1,0,1,-1,2021-08-07 10:48:31,661210
-1,-3,-1,-1,0,-1,-1,-2,2021-08-07 10:48:31,677208
-1,-4,0,-2,-2,-1,-2,-1,2021-08-07 10:48:31,709208
-3,-3,1,2,0,-1,-1,-1,2021-08-07 10:48:31,725206
0,0,0,-1,-1,0,0,0,2021-08-07 10:48:31,725206
-1,-2,-1,-3,1,-1,1,-2,2021-08-07 10:48:31,725206
-1,1,1,5,1,-1,-1,-1,2021-08-07 10:48:31,725206
-3,-3,-2,-8,-2,-3,-1,1,2021-08-07 10:48:31,725206
-2,-1,2,4,1,1,-1,1,2021-08-07 10:48:31,725206
-3,-2,-2,-7,-5,-3,-1,-1,2021-08-07 10:48:31,725206
-3,-2,-2,-1,-4,-2,-2,-2,2021-08-07 10:48:31,726209
1,1,0,0,2,2,1,1,2021-08-07 10:48:31,726209
0,0,2,6,4,1,1,0,2021-08-07 10:48:31,726209
1,1,2,7,9,5,1,-1,2021-08-07 10:48:31,726209
-1,0,-3,-6,-4,-3,-2,-2,2021-08-07 10:48:31,726209
-3,-2,-6,-10,-11,-5,-3,-2,2021-08-07 10:48:31,740207
-1,-1,1,1,0,-3,-1,-1,2021-08-07 10:48:31,756208
-2,1,-2,-1,-2,0,0,1,2021-08-07 10:48:31,772208
1,0,-1,-2,0,0,1,0,2021-08-07 10:48:31,772208
0,0,0,1,0,-1,-1,0,2021-08-07 10:48:31,772208
-2,-3,-4,-5,-2,0,-1,-2,2021-08-07 10:48:31,772208
-3,-2,-3,-8,-3,-4,0,-1,2021-08-07 10:48:31,772208
2,3,2,1,5,3,2,2,2021-08-07 10:48:31,772208
0,0,2,10,2,0,0,0,2021-08-07 10:48:31,773210
0,1,0,-1,-2,-1,-1,0,2021-08-07 10:48:31,773210
-4,-5,-2,0,-3,-3,-3,-2,2021-08-07 10:48:31,773210
0,0,-3,-5,0,0,2,0,2021-08-07 10:48:31,773210
-1,0,0,-5,0,0,1,0,2021-08-07 10:48:31,773210
-3,-4,-4,-6,-5,-3,-3,-3,2021-08-07 10:48:31,788210
-3,-1,1,5,2,-3,-1,-2,2021-08-07 10:48:31,804208
-1,0,-1,3,4,1,1,0,2021-08-07 10:48:31,820209
-2,-1,-2,-2,-1,0,-1,-3,2021-08-07 10:48:31,820209
-2,-1,-2,-4,-5,-2,-1,-1,2021-08-07 10:48:31,820209
0,0,1,2,2,0,1,0,2021-08-07 10:48:31,820209
-3,-3,-2,-3,-4,-3,-4,-3,2021-08-07 10:48:31,820209
-2,0,0,3,0,0,-1,-3,2021-08-07 10:48:31,820209
-1,-1,-2,-2,-2,0,0,0,2021-08-07 10:48:31,836210
0,0,-1,-4,0,0,-2,-1,2021-08-07 10:48:31,836210
-1,1,0,0,2,1,-2,1,2021-08-07 10:48:31,836210
-2,-1,1,1,-2,-3,-1,-2,2021-08-07 10:48:31,836210
0,-1,-1,-2,-2,-1,-1,0,2021-08-07 10:48:31,836210
-1,1,-2,-5,4,2,0,-1,2021-08-07 10:48:31,836210
0,-4,-4,1,-4,-3,-2,-1,2021-08-07 10:48:31,868208
-3,-2,-3,-7,-8,-4,-3,-2,2021-08-07 10:48:31,868208
3,4,7,20,20,10,3,2,2021-08-07 10:48:31,868208
-1,0,-2,-6,-4,-2,0,-1,2021-08-07 10:48:31,868208
3,3,-1,-2,1,0,1,0,2021-08-07 10:48:31,868208
-1,-4,-5,-6,-8,-3,-4,-2,2021-08-07 10:48:31,868208
0,0,-1,-5,-5,-2,0,0,2021-08-07 10:48:31,900208
0,1,1,5,3,2,0,0,2021-08-07 10:48:31,900208
-2,-2,0,-2,-4,-4,-2,-2,2021-08-07 10:48:31,900208
-1,-3,-2,-5,-5,-3,0,-1,2021-08-07 10:48:31,900208
0,0,-1,4,15,6,1,-2,2021-08-07 10:48:31,900208
0,0,2,3,-2,-2,-1,2,2021-08-07 10:48:31,900208
-1,-1,-1,5,3,-1,-2,1,2021-08-07 10:48:31,916208
-2,-2,-5,-5,-6,-3,-1,0,2021-08-07 10:48:31,931211
0,-1,1,0,-1,-2,-1,-1,2021-08-07 10:48:31,931211
-1,-2,-2,0,-3,-2,-1,-2,2021-08-07 10:48:31,931211
-3,-2,-1,-2,-3,-1,-1,-2,2021-08-07 10:48:31,931211
0,2,0,5,7,3,1,-1,2021-08-07 10:48:31,931211
-3,-4,-5,-9,-11,-7,-4,-1,2021-08-07 10:48:31,947210
-1,0,-3,-7,-6,-1,0,0,2021-08-07 10:48:31,947210
-2,-1,2,5,3,1,0,-2,2021-08-07 10:48:31,947210
0,-1,2,5,5,2,2,0,2021-08-07 10:48:31,947210
-3,-2,-3,-6,-7,-3,-2,-3,2021-08-07 10:48:31,963208
-3,-2,-3,-6,-4,-3,-1,-2,2021-08-07 10:48:31,963208
-2,-1,-3,-2,-2,-1,-1,-2,2021-08-07 10:48:31,979207
0,0,1,-1,2,-1,1,0,2021-08-07 10:48:31,979207
-3,-1,-3,-3,-7,-6,-3,-2,2021-08-07 10:48:31,979207
1,1,1,3,6,3,2,1,2021-08-07 10:48:31,979207
0,-1,-2,-1,-1,-1,-2,-3,2021-08-07 10:48:31,995207
-1,-1,-1,-4,0,1,-2,-1,2021-08-07 10:48:32,011207
0,1,3,6,-1,2,2,0,2021-08-07 10:48:32,027208
-2,-2,0,2,-1,-1,-2,-2,2021-08-07 10:48:32,043209
-2,-1,0,0,-2,-2,0,1,2021-08-07 10:48:32,043209
-2,-1,0,-2,-2,-2,-3,-1,2021-08-07 10:48:32,043209
0,-1,-5,-6,-4,-2,0,-1,2021-08-07 10:48:32,043209
-3,-4,-3,-4,-5,-3,-4,-2,2021-08-07 10:48:32,043209
2,1,4,4,10,5,3,2,2021-08-07 10:48:32,043209
-2,-1,-1,0,-2,-3,-1,-3,2021-08-07 10:48:32,043209
0,0,1,2,4,1,1,-1,2021-08-07 10:48:32,043209
2,2,2,3,-1,1,0,1,2021-08-07 10:48:32,043209
-2,-2,-5,-9,-8,-6,-3,-2,2021-08-07 10:48:32,059208
1,0,-2,2,0,0,0,2,2021-08-07 10:48:32,068206
1,-1,1,3,5,2,2,1,2021-08-07 10:48:32,068206
-1,-2,-1,-2,-1,-1,-1,0,2021-08-07 10:48:32,069211
-1,-2,-2,-2,-5,-2,-1,-2,2021-08-07 10:48:32,075208
-1,-1,-3,2,2,0,0,-3,2021-08-07 10:48:32,075208
1,-1,-2,-4,-1,0,0,1,2021-08-07 10:48:32,091209
-1,-2,1,7,1,0,-1,0,2021-08-07 10:48:32,107207
1,-1,-4,-6,-2,0,0,0,2021-08-07 10:48:32,123210
-1,-2,0,-3,-1,-3,0,1,2021-08-07 10:48:32,123210
-1,-2,-1,-3,-4,-1,-2,-2,2021-08-07 10:48:32,123210
-1,1,-1,-3,-3,-1,-1,0,2021-08-07 10:48:32,123210
-2,-3,-1,1,-1,0,-2,-2,2021-08-07 10:48:32,123210
0,2,3,3,4,3,1,0,2021-08-07 10:48:32,124208
0,-1,0,-1,0,0,0,0,2021-08-07 10:48:32,124208
-1,1,1,3,3,2,1,0,2021-08-07 10:48:32,124208
-3,-2,-4,-4,-4,-4,-4,-5,2021-08-07 10:48:32,124208
1,1,-3,-9,-7,-1,0,1,2021-08-07 10:48:32,124208
0,-1,3,5,2,0,0,-2,2021-08-07 10:48:32,170207
0,0,1,4,11,5,2,1,2021-08-07 10:48:32,185208
1,-2,0,3,2,-1,0,1,2021-08-07 10:48:32,201208
-2,-4,0,5,0,-1,0,-1,2021-08-07 10:48:32,201208
-2,-1,-1,-4,-7,-4,-2,-1,2021-08-07 10:48:32,201208
-1,-3,-4,-8,-8,-4,-2,-3,2021-08-07 10:48:32,201208
-2,1,0,-2,0,2,0,0,2021-08-07 10:48:32,201208
0,-1,0,-1,-2,1,-1,0,2021-08-07 10:48:32,201208
0,-1,-2,-3,-2,-1,-1,0,2021-08-07 10:48:32,201208
-1,-2,-4,-2,0,-1,0,-2,2021-08-07 10:48:32,201208
-2,-1,0,0,1,1,0,0,2021-08-07 10:48:32,217208
-5,-2,-1,-1,3,0,-2,-3,2021-08-07 10:48:32,217208
-3,-3,-3,-3,-5,-4,-3,-4,2021-08-07 10:48:32,217208
0,0,3,6,3,-1,-2,0,2021-08-07 10:48:32,217208
0,0,1,1,-2,-2,-1,0,2021-08-07 10:48:32,217208
-2,0,-3,-5,-5,-4,-4,-2,2021-08-07 10:48:32,217208
1,0,1,5,5,4,1,1,2021-08-07 10:48:32,233208
1,1,0,1,0,0,1,1,2021-08-07 10:48:32,249206
0,-1,-3,-4,-5,-1,0,-3,2021-08-07 10:48:32,249206
1,0,1,4,2,1,-2,-1,2021-08-07 10:48:32,249206
-1,-3,-4,-10,-6,-3,0,-1,2021-08-07 10:48:32,249206
-2,-3,-3,-3,-2,-1,-1,-2,2021-08-07 10:48:32,249206
-1,-3,-2,-2,-2,-2,-1,-1,2021-08-07 10:48:32,249206
2,0,1,6,4,2,1,1,2021-08-07 10:48:32,249206
-1,-2,-2,-3,-6,-3,-2,-2,2021-08-07 10:48:32,280208
-1,0,-1,-1,3,0,1,-1,2021-08-07 10:48:32,312209
-1,-1,-1,-1,-1,-1,-2,-2,2021-08-07 10:48:32,312209
-3,-1,0,-2,-3,-2,-1,0,2021-08-07 10:48:32,312209
-1,-2,-2,-7,-8,-4,-3,-1,2021-08-07 10:48:32,312209
0,-1,1,2,3,1,0,0,2021-08-07 10:48:32,312209
2,2,3,8,11,4,1,2,2021-08-07 10:48:32,312209
1,0,0,-4,-1,-2,-1,-1,2021-08-07 10:48:32,312209
-2,-2,-1,0,-2,-2,-4,-4,2021-08-07 10:48:32,312209
-1,-4,-3,-8,-7,-4,-3,-4,2021-08-07 10:48:32,312209
-3,-1,-1,-2,-3,-1,0,0,2021-08-07 10:48:32,312209
-1,-3,-1,-1,-1,0,-1,-2,2021-08-07 10:48:32,313210
-1,0,0,1,2,1,0,1,2021-08-07 10:48:32,328207
-1,-1,-2,0,-3,-1,-2,1,2021-08-07 10:48:32,344207
0,-2,-1,-1,-1,0,0,0,2021-08-07 10:48:32,360208
-3,0,-3,2,-2,-3,-1,-2,2021-08-07 10:48:32,360208
0,0,-1,-1,-3,-2,0,1,2021-08-07 10:48:32,360208
0,-1,-2,-6,-3,-1,-1,0,2021-08-07 10:48:32,360208
0,0,-1,-2,-5,-2,-1,-1,2021-08-07 10:48:32,360208
0,2,2,4,1,3,1,1,2021-08-07 10:48:32,361209
-1,1,2,8,9,2,0,-1,2021-08-07 10:48:32,376208
-2,-1,-1,2,-3,-3,-2,0,2021-08-07 10:48:32,376208
-1,-1,-1,-2,-3,-2,-1,-1,2021-08-07 10:48:32,376208
-3,-3,-6,-10,-10,-6,-4,-3,2021-08-07 10:48:32,376208
1,-1,-1,3,1,0,-1,0,2021-08-07 10:48:32,376208
0,0,-1,-3,0,0,0,1,2021-08-07 10:48:32,376208
0,2,0,0,4,2,1,-3,2021-08-07 10:48:32,408208
-1,-2,-1,0,-3,-1,0,-1,2021-08-07 10:48:32,408208
-1,2,0,1,2,0,-1,-3,2021-08-07 10:48:32,408208
-3,0,-2,-5,-5,-4,0,-1,2021-08-07 10:48:32,408208
-2,-2,0,-1,-3,-3,-1,-1,2021-08-07 10:48:32,408208
0,-3,-1,0,0,-2,-2,-2,2021-08-07 10:48:32,408208
-2,-1,-2,-8,-6,-4,-2,-1,2021-08-07 10:48:32,440210
2,1,2,6,10,5,2,1,2021-08-07 10:48:32,456208
-4,-1,0,-2,-4,-3,-2,-2,2021-08-07 10:48:32,487208
-1,-1,0,3,6,2,-1,-1,2021-08-07 10:48:32,487208
0,-2,-1,0,-2,-1,-1,1,2021-08-07 10:48:32,487208
-2,-1,-1,-1,-3,-1,-2,-3,2021-08-07 10:48:32,487208
-3,-3,-3,1,0,-1,-1,-1,2021-08-07 10:48:32,487208
-1,-1,-1,-2,0,0,-2,0,2021-08-07 10:48:32,487208
-1,-2,0,-2,0,2,-1,-2,2021-08-07 10:48:32,487208
2,2,0,2,3,0,1,1,2021-08-07 10:48:32,487208
1,1,0,0,-1,-3,-1,-1,2021-08-07 10:48:32,488208
-2,0,-5,-2,-1,-1,-1,-1,2021-08-07 10:48:32,488208
-3,-2,-4,-2,-3,-3,-1,-2,2021-08-07 10:48:32,500208
-2,-3,-2,-4,-4,-1,-2,-1,2021-08-07 10:48:32,500208
1,1,-2,-10,-3,1,0,-1,2021-08-07 10:48:32,519210
-1,0,2,3,0,0,1,1,2021-08-07 10:48:32,519210
0,0,0,1,1,0,1,-1,2021-08-07 10:48:32,535210
-2,-3,-3,-2,-5,-3,-2,-2,2021-08-07 10:48:32,551209
-1,-2,-2,-1,-3,-2,-1,0,2021-08-07 10:48:32,567208
0,-1,1,1,1,-2,1,-1,2021-08-07 10:48:32,567208
0,1,0,3,3,2,2,0,2021-08-07 10:48:32,567208
-2,-1,0,-2,-2,-1,-1,-2,2021-08-07 10:48:32,567208
-1,-3,-2,-5,-9,-4,-1,-3,2021-08-07 10:48:32,567208
2,2,6,15,14,7,4,2,2021-08-07 10:48:32,567208
-2,-2,-7,-12,-10,-5,-3,-2,2021-08-07 10:48:32,567208
1,2,4,11,11,5,2,1,2021-08-07 10:48:32,567208
0,0,0,-3,-3,-2,-1,1,2021-08-07 10:48:32,568209
-4,-3,-4,-10,-11,-5,-5,-2,2021-08-07 10:48:32,568209
3,2,1,3,7,4,0,1,2021-08-07 10:48:32,568209
-2,-1,0,0,0,0,-2,-1,2021-08-07 10:48:32,568209
-2,-2,-1,0,0,0,-2,-3,2021-08-07 10:48:32,568209
-1,-1,-1,-1,-3,-1,-2,-2,2021-08-07 10:48:32,568209
-1,-2,-1,-4,-5,-2,-2,-2,2021-08-07 10:48:32,583210
-3,-1,-4,-8,-10,-5,-2,-2,2021-08-07 10:48:32,583210
3,0,2,9,12,7,0,2,2021-08-07 10:48:32,599207
0,0,0,0,-1,0,0,-2,2021-08-07 10:48:32,599207
-1,-2,0,0,2,0,-1,-1,2021-08-07 10:48:32,615209
-2,-1,-1,-4,-10,-5,-2,-3,2021-08-07 10:48:32,615209
-2,0,-1,-1,-2,-2,-1,-1,2021-08-07 10:48:32,615209
-1,-1,-1,-7,-7,-3,-1,-3,2021-08-07 10:48:32,615209
-2,-2,0,1,3,0,-1,0,2021-08-07 10:48:32,631208
4,1,5,9,6,4,2,3,2021-08-07 10:48:32,631208
0,-1,-2,-5,-4,-3,-3,-2,2021-08-07 10:48:32,631208
0,0,-1,1,3,-1,0,0,2021-08-07 10:48:32,631208
-2,-1,-4,-8,-9,-6,-2,-2,2021-08-07 10:48:32,647210
-3,-2,-5,-9,-3,-4,-3,-3,2021-08-07 10:48:32,647210
-1,0,0,5,6,2,1,0,2021-08-07 10:48:32,663208
1,1,2,1,0,0,-2,0,2021-08-07 10:48:32,679209
1,0,0,0,-1,-1,1,0,2021-08-07 10:48:32,695209
-1,-2,-3,-2,0,-1,-1,0,2021-08-07 10:48:32,695209
1,-3,-5,-11,-10,-5,-3,-1,2021-08-07 10:48:32,695209
0,-1,4,6,8,4,1,0,2021-08-07 10:48:32,695209
-1,2,-1,0,0,0,1,0,2021-08-07 10:48:32,695209
-2,1,-1,-3,-1,-2,-2,-2,2021-08-07 10:48:32,695209
-3,-3,0,4,-1,-1,-1,-2,2021-08-07 10:48:32,696208
-3,-3,-4,-11,-8,-3,-3,-1,2021-08-07 10:48:32,696208
0,-1,2,5,4,1,0,0,2021-08-07 10:48:32,711210
1,-2,-1,-3,-5,0,-1,-1,2021-08-07 10:48:32,711210
-2,0,-1,1,-3,-3,-1,1,2021-08-07 10:48:32,711210
0,1,0,4,3,2,1,0,2021-08-07 10:48:32,711210
-1,-3,-1,0,3,2,0,-1,2021-08-07 10:48:32,742209
-1,-1,-5,-5,-6,-3,-3,-1,2021-08-07 10:48:32,742209
1,0,0,-4,-3,1,-1,-1,2021-08-07 10:48:32,742209
1,-1,0,8,6,2,0,-2,2021-08-07 10:48:32,742209
-3,-1,-2,-4,-5,-3,-2,-3,2021-08-07 10:48:32,758209
-1,0,1,0,2,0,0,-1,2021-08-07 10:48:32,758209
-1,1,3,4,3,0,1,-2,2021-08-07 10:48:32,758209
0,-1,-2,-4,-2,0,-1,0,2021-08-07 10:48:32,758209
-2,-2,-1,0,-2,-2,-3,-1,2021-08-07 10:48:32,774208
0,0,-2,-4,-5,-2,0,-1,2021-08-07 10:48:32,774208
-2,0,-1,-1,-1,-2,-2,0,2021-08-07 10:48:32,774208
0,-2,0,-3,-5,-4,-2,-1,2021-08-07 10:48:32,774208
-1,0,-2,-1,3,1,1,-1,2021-08-07 10:48:32,790211
-1,-2,1,3,1,0,-1,-1,2021-08-07 10:48:32,806209
-3,-2,-4,-3,0,-1,-1,-1,2021-08-07 10:48:32,806209
-1,-2,-2,-1,-4,-2,0,0,2021-08-07 10:48:32,806209
-1,-2,-5,-9,-6,-3,-2,-2,2021-08-07 10:48:32,806209
0,0,1,4,3,1,0,0,2021-08-07 10:48:32,806209
1,2,2,2,4,1,2,0,2021-08-07 10:48:32,806209
-1,-1,1,9,4,0,-1,0,2021-08-07 10:48:32,806209
-1,0,1,2,-1,-2,0,-1,2021-08-07 10:48:32,838208
-2,-1,-1,-6,-1,-1,0,-2,2021-08-07 10:48:32,838208
0,-1,-3,0,-3,-3,-1,0,2021-08-07 10:48:32,838208
-2,0,-4,-8,-5,-4,-1,0,2021-08-07 10:48:32,838208
0,0,2,2,1,0,0,-1,2021-08-07 10:48:32,854208
1,0,-2,-1,-1,-1,-2,-2,2021-08-07 10:48:32,854208
0,-1,0,2,2,1,-1,-3,2021-08-07 10:48:32,870209
-1,-1,-1,-7,-7,-3,-2,-2,2021-08-07 10:48:32,886209
3,2,3,8,13,7,1,2,2021-08-07 10:48:32,902209
-1,-2,-3,3,-1,-2,-1,-2,2021-08-07 10:48:32,902209
-3,-2,-3,-3,-2,-3,-4,-1,2021-08-07 10:48:32,902209
0,2,2,3,0,1,0,-1,2021-08-07 10:48:32,902209
1,-1,-1,-2,-3,-2,-1,0,2021-08-07 10:48:32,918207
-1,-2,0,-2,-3,-1,0,0,2021-08-07 10:48:32,918207
-1,0,-1,1,2,0,-1,-1,2021-08-07 10:48:32,918207
-1,-1,-2,-3,-2,-2,-4,-2,2021-08-07 10:48:32,918207
0,1,1,3,-1,-2,-2,-1,2021-08-07 10:48:32,918207
0,0,-1,0,1,0,-2,0,2021-08-07 10:48:32,918207
0,-2,-3,-9,-5,-1,0,0,2021-08-07 10:48:32,918207
1,-2,-5,-4,-6,-3,0,0,2021-08-07 10:48:32,919210
1,-3,-2,-1,2,3,2,0,2021-08-07 10:48:32,929209
-1,-3,-4,-3,-2,-2,0,0,2021-08-07 10:48:32,929209
-2,0,4,10,8,4,0,-1,2021-08-07 10:48:32,930210
-4,-1,-2,-3,-4,-3,-3,-3,2021-08-07 10:48:32,930210
-2,0,2,3,3,1,-3,-2,2021-08-07 10:48:32,950207
0,2,1,1,2,-1,-1,1,2021-08-07 10:48:32,950207
-1,0,-2,-8,-6,-4,-2,-1,2021-08-07 10:48:32,966208
-1,-1,-1,-3,-2,-1,-1,-1,2021-08-07 10:48:32,966208
-2,-3,-4,-6,-8,-4,-2,-1,2021-08-07 10:48:32,966208
-1,-2,-1,-1,0,1,0,0,2021-08-07 10:48:32,966208
-2,-3,-1,0,-1,-2,0,0,2021-08-07 10:48:32,982208
0,-2,2,2,1,0,0,0,2021-08-07 10:48:32,998207
-2,0,0,-2,-2,0,-1,-1,2021-08-07 10:48:32,998207
-1,-1,1,-4,-1,-2,0,-1,2021-08-07 10:48:32,998207
0,-1,-1,-1,0,1,1,0,2021-08-07 10:48:32,998207
-1,-1,-1,1,0,0,-2,-1,2021-08-07 10:48:32,998207
0,-1,0,0,-1,-1,0,0,2021-08-07 10:48:33,030207
0,-2,-1,1,-3,-1,0,0,2021-08-07 10:48:33,046207
-2,-2,-3,-4,-4,-1,-1,-1,2021-08-07 10:48:33,061210
-4,-4,-5,-9,-7,-4,-2,-3,2021-08-07 10:48:33,077209
-1,1,1,0,3,2,1,1,2021-08-07 10:48:33,093209
0,0,1,5,5,3,-2,-1,2021-08-07 10:48:33,093429
0,0,-1,-3,-1,-1,0,-1,2021-08-07 10:48:33,093429
-1,-1,2,1,0,-3,-1,-2,2021-08-07 10:48:33,093429
-2,-3,-3,-6,-7,-5,-4,-2,2021-08-07 10:48:33,093429
-2,-1,-1,-2,-7,-5,-3,-2,2021-08-07 10:48:33,093429
-3,-6,-4,-7,-8,-3,-3,-3,2021-08-07 10:48:33,093429
3,3,1,3,6,6,4,1,2021-08-07 10:48:33,093429
1,1,1,8,17,7,2,1,2021-08-07 10:48:33,094208
0,0,-2,-5,-4,-4,-3,-1,2021-08-07 10:48:33,094208
0,1,-1,2,1,0,-1,-2,2021-08-07 10:48:33,094208
-4,-3,-4,-12,-11,-5,-4,-2,2021-08-07 10:48:33,094208
0,1,1,6,0,1,1,1,2021-08-07 10:48:33,094208
0,0,-1,1,-1,0,0,-1,2021-08-07 10:48:33,094208
-2,-2,-2,0,-2,-2,-1,0,2021-08-07 10:48:33,108208
-1,-3,-4,-3,-2,-2,-2,0,2021-08-07 10:48:33,124208
-2,1,-1,-3,-5,-3,-2,-1,2021-08-07 10:48:33,140210
-1,0,-1,1,5,3,-1,-2,2021-08-07 10:48:33,140210
0,-1,-1,-2,-4,-1,0,-2,2021-08-07 10:48:33,156209
0,-1,0,-1,2,1,0,0,2021-08-07 10:48:33,156209
1,1,2,0,-1,-2,-2,0,2021-08-07 10:48:33,156209
0,0,2,5,2,2,1,1,2021-08-07 10:48:33,156209
0,-2,-1,-3,2,0,0,-1,2021-08-07 10:48:33,156209
-2,-1,-4,0,-1,-2,-1,-3,2021-08-07 10:48:33,156209
-1,-5,-4,-7,-7,-4,-4,-2,2021-08-07 10:48:33,156209
-1,-2,1,0,-3,0,0,0,2021-08-07 10:48:33,156209
0,1,1,5,6,3,0,0,2021-08-07 10:48:33,156209
-1,0,-1,1,-1,-1,-1,0,2021-08-07 10:48:33,156209
-3,-3,-4,-10,-11,-6,-2,-2,2021-08-07 10:48:33,171208
1,-1,2,5,7,3,1,2,2021-08-07 10:48:33,171208
-1,-1,-2,-5,-7,-3,-1,-1,2021-08-07 10:48:33,171208
0,1,1,5,6,3,3,0,2021-08-07 10:48:33,171208
-3,-4,-3,-3,4,0,-2,-2,2021-08-07 10:48:33,187208
1,1,-2,-1,2,1,0,0,2021-08-07 10:48:33,187208
0,1,0,0,-2,-2,-1,0,2021-08-07 10:48:33,187208
0,2,1,0,-3,-2,-2,-1,2021-08-07 10:48:33,187208
-1,-2,-2,-3,-5,-2,-2,-1,2021-08-07 10:48:33,203209
-2,-1,-1,-1,-2,-1,-1,-1,2021-08-07 10:48:33,203209
-1,-1,-1,3,4,0,-1,1,2021-08-07 10:48:33,219208
-2,-3,-1,-4,-4,-3,-2,-2,2021-08-07 10:48:33,234207
-1,-2,-4,-2,-2,-2,-1,-2,2021-08-07 10:48:33,234207
-4,-1,1,0,-1,-1,-2,1,2021-08-07 10:48:33,234207
-1,-1,-1,-1,-2,-2,-2,-2,2021-08-07 10:48:33,234207
2,1,0,2,5,1,3,2,2021-08-07 10:48:33,234207
-1,0,0,-1,-3,-1,0,-1,2021-08-07 10:48:33,249209
0,1,0,-2,-2,-3,-1,-1,2021-08-07 10:48:33,249209
-2,-2,-2,-4,-2,-1,-2,-4,2021-08-07 10:48:33,249209
-2,-1,1,3,0,-1,-2,-1,2021-08-07 10:48:33,249209
0,-2,-1,-5,-4,-3,1,-1,2021-08-07 10:48:33,281208
0,-1,-2,-3,-4,-1,0,0,2021-08-07 10:48:33,297208
-2,-2,-1,-5,-6,-3,-2,-1,2021-08-07 10:48:33,297208
0,0,2,4,7,3,-1,-3,2021-08-07 10:48:33,297208
1,2,0,1,-1,0,0,1,2021-08-07 10:48:33,313208
-3,-4,-2,-1,-1,-1,-1,-2,2021-08-07 10:48:33,313208
0,1,1,6,7,0,2,1,2021-08-07 10:48:33,313208
-2,-2,-4,-10,-9,-4,-2,-2,2021-08-07 10:48:33,313208
-1,1,-2,2,0,-1,-3,-1,2021-08-07 10:48:33,313208
-1,1,4,8,12,5,2,-1,2021-08-07 10:48:33,313208
-2,-2,-3,-5,-4,-1,0,-3,2021-08-07 10:48:33,313208
2,1,1,3,4,0,-1,0,2021-08-07 10:48:33,314208
0,-2,-2,-2,-2,-3,-2,-2,2021-08-07 10:48:33,329209
-2,-2,-3,-1,-2,-2,-1,-2,2021-08-07 10:48:33,329209
-1,0,-1,-1,-4,-1,-2,-1,2021-08-07 10:48:33,329209
-2,-2,-1,2,-1,0,-1,0,2021-08-07 10:48:33,329209
0,-1,0,3,6,2,1,-2,2021-08-07 10:48:33,345209
0,-1,-3,-4,-3,-2,-2,-3,2021-08-07 10:48:33,355208
-1,-1,0,1,2,0,1,-1,2021-08-07 10:48:33,355208
-3,-3,-5,-5,-9,-5,-3,-3,2021-08-07 10:48:33,355208
0,-1,1,-2,-1,-1,-1,-1,2021-08-07 10:48:33,376209
0,-1,0,0,1,2,1,0,2021-08-07 10:48:33,376209
-1,-1,-3,-4,-4,-2,-2,0,2021-08-07 10:48:33,376209
0,-1,1,3,8,2,2,-1,2021-08-07 10:48:33,376209
-1,-2,-2,0,-4,-1,0,-1,2021-08-07 10:48:33,392207
-2,0,-3,-6,-7,-5,-1,-2,2021-08-07 10:48:33,408206
-2,-2,-5,-10,-12,-6,-3,-3,2021-08-07 10:48:33,408206
1,1,3,9,10,5,1,1,2021-08-07 10:48:33,408206
0,1,2,4,9,5,1,1,2021-08-07 10:48:33,408206
-2,-1,-2,-3,-5,0,-2,-2,2021-08-07 10:48:33,408206
0,-1,1,2,3,1,-2,-1,2021-08-07 10:48:33,424209
2,-2,-2,-5,-4,-2,-1,1,2021-08-07 10:48:33,440207
-3,-4,-4,-8,-13,-8,-3,-1,2021-08-07 10:48:33,440207
-2,-5,-1,1,4,0,-2,-1,2021-08-07 10:48:33,440207
-2,-1,0,5,1,-1,-1,-2,2021-08-07 10:48:33,440207
1,1,-2,-8,-4,1,1,2,2021-08-07 10:48:33,440207
5,5,6,19,14,7,2,3,2021-08-07 10:48:33,456208
-7,-6,-3,0,12,0,-5,-5,2021-08-07 10:48:33,456569
0,0,1,4,2,0,1,0,2021-08-07 10:48:33,456569
-2,-2,-3,-10,-7,-5,-2,-3,2021-08-07 10:48:33,456569
0,0,-5,-9,-12,-4,1,1,2021-08-07 10:48:33,472207
2,2,2,-3,-3,-1,0,0,2021-08-07 10:48:33,488208
1,2,3,10,11,7,1,0,2021-08-07 10:48:33,504208
0,1,-1,1,-4,-2,0,1,2021-08-07 10:48:33,520208
-1,-2,-2,-2,-2,-1,-1,-1,2021-08-07 10:48:33,536210
-1,-2,-2,-3,-7,-4,-1,-2,2021-08-07 10:48:33,536210
0,-1,-1,-4,-1,-2,-1,0,2021-08-07 10:48:33,536210
-1,-1,1,3,-1,-1,-2,-2,2021-08-07 10:48:33,536210
-3,-3,-1,-8,-8,-6,-3,-3,2021-08-07 10:48:33,536210
2,0,-2,-4,1,2,1,1,2021-08-07 10:48:33,536210
3,3,3,2,-5,0,3,2,2021-08-07 10:48:33,536210
-1,0,2,8,11,3,1,-3,2021-08-07 10:48:33,536210
-5,-3,-3,-5,-5,-3,-3,-2,2021-08-07 10:48:33,537208
-1,-1,0,-1,1,1,1,1,2021-08-07 10:48:33,537208
-1,-3,-2,-1,2,2,0,-1,2021-08-07 10:48:33,537208
-2,-2,-4,-8,-9,-4,-3,-2,2021-08-07 10:48:33,537208
-1,1,2,10,3,3,0,-1,2021-08-07 10:48:33,552210
-2,-1,-4,-9,-15,-8,-2,1,2021-08-07 10:48:33,552210
1,1,2,5,13,4,2,2,2021-08-07 10:48:33,552210
-3,-2,-1,-1,-5,-4,-3,-3,2021-08-07 10:48:33,552210
-3,-1,-4,-6,1,-3,-1,-2,2021-08-07 10:48:33,568208
0,1,1,4,0,-2,-2,0,2021-08-07 10:48:33,568208
-1,-1,1,-1,-2,-1,-1,-1,2021-08-07 10:48:33,600209
-3,-4,-6,-11,-13,-8,-4,-3,2021-08-07 10:48:33,600209
1,2,2,4,7,3,2,1,2021-08-07 10:48:33,600209
0,1,1,8,8,2,0,-1,2021-08-07 10:48:33,600209
-2,-1,-1,-7,-8,-4,-3,-1,2021-08-07 10:48:33,600209
0,1,-2,2,-3,-1,-1,-2,2021-08-07 10:48:33,600209
-1,-4,-4,-14,-17,-8,-5,-2,2021-08-07 10:48:33,616208
1,1,0,2,4,3,1,1,2021-08-07 10:48:33,631208
-1,0,0,3,4,2,1,1,2021-08-07 10:48:33,631208
0,-2,-1,-1,3,-1,-1,0,2021-08-07 10:48:33,631208
0,0,1,4,5,1,0,-1,2021-08-07 10:48:33,631208
-2,-1,-1,-8,-10,-4,-1,-1,2021-08-07 10:48:33,631208
0,-2,-3,0,-5,-3,-2,-2,2021-08-07 10:48:33,631208
1,0,0,1,5,3,0,1,2021-08-07 10:48:33,631208
-2,2,3,4,7,2,0,-1,2021-08-07 10:48:33,662208
1,2,4,11,8,3,2,2,2021-08-07 10:48:33,678209
-1,-2,-2,-6,-5,-3,-2,-1,2021-08-07 10:48:33,678209
-2,-2,-3,-7,-10,-5,-4,-3,2021-08-07 10:48:33,678209
0,-2,-1,1,4,3,-1,-1,2021-08-07 10:48:33,678209
-2,-2,-2,-2,-5,-3,-2,-3,2021-08-07 10:48:33,678209
1,1,2,-2,0,-1,0,0,2021-08-07 10:48:33,678209
2,1,2,3,4,1,2,3,2021-08-07 10:48:33,679208
1,-1,-1,-2,-4,-2,0,0,2021-08-07 10:48:33,693207
-3,-6,-8,-14,-12,-6,-5,-2,2021-08-07 10:48:33,693207
2,1,2,13,19,9,5,5,2021-08-07 10:48:33,693207
-4,-3,-2,-11,-12,-4,0,0,2021-08-07 10:48:33,693207
-1,0,0,2,-3,0,-1,-1,2021-08-07 10:48:33,709208
-2,-1,6,17,20,8,2,-3,2021-08-07 10:48:33,709208
-4,-2,-4,-7,-11,-5,-4,-5,2021-08-07 10:48:33,725208
1,2,3,6,11,4,0,0,2021-08-07 10:48:33,741209
-2,-2,-6,-13,-18,-8,-6,-2,2021-08-07 10:48:33,757208
1,0,-3,-12,-5,-1,-3,0,2021-08-07 10:48:33,757208
2,1,1,7,4,3,1,0,2021-08-07 10:48:33,757208
-2,-3,-1,0,-3,-4,0,-1,2021-08-07 10:48:33,757208
-3,-4,-3,-3,3,-1,-1,-2,2021-08-07 10:48:33,757208
-3,-2,-8,-22,-31,-11,-4,-3,2021-08-07 10:48:33,757208
-1,2,7,27,34,14,5,1,2021-08-07 10:48:33,758212
0,0,-5,-13,-23,-11,-5,-1,2021-08-07 10:48:33,758212
5,4,5,10,26,11,5,2,2021-08-07 10:48:33,773208
-1,0,-1,0,-6,-2,-2,-3,2021-08-07 10:48:33,773208
-1,-2,0,-1,6,0,-2,-2,2021-08-07 10:48:33,773208
-1,2,-3,-3,-11,-5,-3,0,2021-08-07 10:48:33,773208
1,0,5,21,23,8,3,0,2021-08-07 10:48:33,788209
1,0,-1,-7,-5,0,0,1,2021-08-07 10:48:33,788209
-2,-2,-2,-3,-10,-4,-3,-2,2021-08-07 10:48:33,788209
-3,-3,-2,-1,-2,-2,-1,-1,2021-08-07 10:48:33,788209
-1,-3,-5,-10,-10,-4,-3,-4,2021-08-07 10:48:33,804208
2,2,3,4,9,3,2,0,2021-08-07 10:48:33,804208
-4,-5,-6,-9,-13,-5,-2,-2,2021-08-07 10:48:33,820208
-1,-2,1,7,8,3,-1,-2,2021-08-07 10:48:33,820208
-3,-5,-8,-15,-21,-10,-5,-4,2021-08-07 10:48:33,836209
2,2,4,8,11,6,2,2,2021-08-07 10:48:33,836209
-3,-4,-6,-15,-13,-7,-4,-3,2021-08-07 10:48:33,836209
1,0,1,5,7,2,2,-2,2021-08-07 10:48:33,836209
-3,-1,-2,-1,-9,-3,-2,-1,2021-08-07 10:48:33,852207
1,1,-1,3,-1,-4,-1,1,2021-08-07 10:48:33,852207
-2,-3,-2,-2,-6,-3,-2,-1,2021-08-07 10:48:33,852207
-4,-4,-8,-20,-2,-1,-3,-2,2021-08-07 10:48:33,852207
4,4,10,22,15,6,4,3,2021-08-07 10:48:33,883209
-1,0,3,6,7,0,0,-1,2021-08-07 10:48:33,883209
-1,-1,0,-4,-6,-3,-1,-1,2021-08-07 10:48:33,883209
-1,-1,-1,1,2,1,-2,-3,2021-08-07 10:48:33,883209
-3,-3,-4,-12,-12,-4,-3,0,2021-08-07 10:48:33,883209
-1,-2,-2,0,1,-2,0,-1,2021-08-07 10:48:33,883209
2,1,0,1,3,0,0,1,2021-08-07 10:48:33,899208
0,-1,1,11,9,4,2,0,2021-08-07 10:48:33,899208
-1,-1,-3,-14,-15,-7,-2,0,2021-08-07 10:48:33,915209
0,1,0,7,12,4,0,0,2021-08-07 10:48:33,931207
1,0,2,4,-6,-4,0,-1,2021-08-07 10:48:33,931207
-1,-2,-1,-8,-13,-3,-1,0,2021-08-07 10:48:33,931207
4,4,6,25,37,14,6,3,2021-08-07 10:48:33,931207
-2,-3,-1,1,0,0,-1,-2,2021-08-07 10:48:33,931207
-4,-2,-3,-13,-10,-5,-3,-3,2021-08-07 10:48:33,931207
1,4,3,10,5,2,1,3,2021-08-07 10:48:33,931207
-5,-4,-4,-9,-20,-10,-3,-5,2021-08-07 10:48:33,962208
-2,-3,-4,-5,2,-1,-2,-1,2021-08-07 10:48:33,978206
2,2,4,26,30,15,5,5,2021-08-07 10:48:33,994208
0,-3,-8,-14,-10,-6,-2,-2,2021-08-07 10:48:34,009208
-4,-1,-2,-8,-5,-2,-3,-2,2021-08-07 10:48:34,009208
-3,-3,-2,-9,-14,-9,-5,-4,2021-08-07 10:48:34,009208
1,0,0,-7,-12,-3,-1,0,2021-08-07 10:48:34,009208
-3,-3,-3,3,12,6,1,-1,2021-08-07 10:48:34,009208
3,2,1,9,12,2,2,2,2021-08-07 10:48:34,009208
-1,-4,-6,-12,-17,-6,-3,-3,2021-08-07 10:48:34,010211
-2,-3,-4,-9,-10,-7,-4,-1,2021-08-07 10:48:34,010211
0,0,2,-4,3,3,2,0,2021-08-07 10:48:34,010211
-1,-1,-1,6,2,0,1,-2,2021-08-07 10:48:34,010211
-3,-5,-8,-14,-28,-14,-5,-3,2021-08-07 10:48:34,010211
2,3,6,12,16,7,3,0,2021-08-07 10:48:34,025208
1,0,1,2,5,0,-2,-1,2021-08-07 10:48:34,041208
2,2,2,11,24,13,4,2,2021-08-07 10:48:34,057208
-2,0,-2,-7,-10,-5,-3,-4,2021-08-07 10:48:34,057208
-2,-2,-6,-19,-26,-10,-4,-3,2021-08-07 10:48:34,057208
0,1,4,11,9,2,0,0,2021-08-07 10:48:34,057208
1,0,0,1,2,0,-2,0,2021-08-07 10:48:34,057208
-2,-1,-4,-5,-1,-1,1,0,2021-08-07 10:48:34,057208
-2,-2,-5,-10,-7,-3,-3,0,2021-08-07 10:48:34,058210
-1,-1,2,5,4,1,0,0,2021-08-07 10:48:34,058210
-4,-3,-6,-14,-19,-9,-2,-2,2021-08-07 10:48:34,073208
3,3,6,10,15,8,3,2,2021-08-07 10:48:34,073208
-2,-2,-5,-8,-13,-4,-2,-1,2021-08-07 10:48:34,073208
2,2,9,20,21,7,3,2,2021-08-07 10:48:34,073208
-4,-1,-1,0,-7,-2,0,-2,2021-08-07 10:48:34,088208
1,-1,-3,0,7,2,1,-1,2021-08-07 10:48:34,088208
-2,-1,0,-1,-5,-4,-3,-4,2021-08-07 10:48:34,088208
-1,-1,-2,-5,-5,-2,0,0,2021-08-07 10:48:34,088208
-2,-3,-4,-13,-21,-9,-4,-2,2021-08-07 10:48:34,104207
0,-1,5,9,14,7,2,1,2021-08-07 10:48:34,104207
0,-1,-1,0,4,1,1,0,2021-08-07 10:48:34,120209
-3,-2,-7,-9,-14,-7,-4,-3,2021-08-07 10:48:34,136210
-3,-4,-4,-9,-5,-5,-3,-2,2021-08-07 10:48:34,136210
0,1,-1,4,-2,-2,-1,0,2021-08-07 10:48:34,136210
0,-1,-1,-2,-4,-4,-1,-2,2021-08-07 10:48:34,152209
2,3,6,18,21,8,2,1,2021-08-07 10:48:34,168208
-2,-3,-7,-11,-9,-5,-3,-2,2021-08-07 10:48:34,168208
-2,-1,-1,-1,2,0,-1,-2,2021-08-07 10:48:34,168208
1,1,0,-4,0,0,1,-1,2021-08-07 10:48:34,168208
-1,-2,-6,-16,-21,-10,-4,-4,2021-08-07 10:48:34,168208
-4,-6,-8,-10,-4,-3,-3,-3,2021-08-07 10:48:34,169209
2,3,8,16,14,6,4,2,2021-08-07 10:48:34,184209
1,1,-1,2,12,6,2,1,2021-08-07 10:48:34,200208
2,0,6,5,0,2,2,1,2021-08-07 10:48:34,204207
-5,-5,-6,-15,-17,-9,-6,-5,2021-08-07 10:48:34,204207
2,1,4,8,3,1,0,3,2021-08-07 10:48:34,204207
-1,-3,1,7,9,2,0,-3,2021-08-07 10:48:34,204207
-1,0,-2,-5,-6,-2,0,0,2021-08-07 10:48:34,205208
-1,0,1,0,-2,1,-1,-1,2021-08-07 10:48:34,216208
-4,-4,-8,-10,-13,-5,-5,-3,2021-08-07 10:48:34,216208
1,3,1,4,7,0,-1,0,2021-08-07 10:48:34,216208
-2,-1,-2,1,-2,-2,-1,-2,2021-08-07 10:48:34,216208
3,1,-2,-4,0,1,1,0,2021-08-07 10:48:34,232208
-3,-3,-1,5,-1,-2,-2,-3,2021-08-07 10:48:34,248208
-2,-2,-3,-8,-3,-3,-3,-2,2021-08-07 10:48:34,263206
-2,-3,-4,-2,-1,-2,-2,-1,2021-08-07 10:48:34,279207
1,1,0,2,7,0,2,1,2021-08-07 10:48:34,295209
1,1,1,-13,-14,-3,-3,1,2021-08-07 10:48:34,295209
-1,-1,1,12,7,0,-1,0,2021-08-07 10:48:34,295209
1,2,7,12,21,10,2,1,2021-08-07 10:48:34,295209
1,1,3,8,6,3,2,1,2021-08-07 10:48:34,296209
-1,-4,-9,-17,-19,-9,-3,-2,2021-08-07 10:48:34,296209
-3,-4,-8,-17,-13,-6,-5,-3,2021-08-07 10:48:34,296209
-3,-2,-6,-10,-12,-7,-4,-1,2021-08-07 10:48:34,296209
1,1,6,12,9,4,2,-1,2021-08-07 10:48:34,296209
0,1,1,4,7,2,2,-3,2021-08-07 10:48:34,296209
0,1,0,-1,-4,1,2,2,2021-08-07 10:48:34,296209
-2,-1,-3,-8,-8,-4,-2,-2,2021-08-07 10:48:34,296209
3,4,7,12,11,6,3,3,2021-08-07 10:48:34,327209
-2,-5,-8,-9,-8,-5,-2,-1,2021-08-07 10:48:34,343209
-2,-1,1,4,3,1,-1,-2,2021-08-07 10:48:34,359209
2,3,0,4,3,3,2,3,2021-08-07 10:48:34,375207
-3,-2,0,1,-8,-8,-3,-2,2021-08-07 10:48:34,391208
0,4,6,9,10,6,3,1,2021-08-07 10:48:34,391208
-3,-2,-4,-5,-1,-3,0,-1,2021-08-07 10:48:34,391208
-1,-1,-1,-4,-12,-4,-3,-3,2021-08-07 10:48:34,391208
-1,-1,-1,-1,11,4,-2,-1,2021-08-07 10:48:34,391208
-2,-1,-2,3,2,1,1,0,2021-08-07 10:48:34,391208
-6,-8,-10,-20,-30,-15,-8,-4,2021-08-07 10:48:34,391208
-3,-2,1,0,3,-3,-3,0,2021-08-07 10:48:34,392208
-1,1,2,2,3,2,1,0,2021-08-07 10:48:34,407209
-1,-1,2,4,8,2,-1,-2,2021-08-07 10:48:34,407209
4,3,6,13,11,6,3,4,2021-08-07 10:48:34,407209
-2,-2,-1,1,-4,-4,-2,-1,2021-08-07 10:48:34,407209
-1,-3,-5,-10,-11,-4,-4,1,2021-08-07 10:48:34,407209
-1,-1,-2,1,2,1,0,-1,2021-08-07 10:48:34,407209
4,4,8,15,9,6,4,1,2021-08-07 10:48:34,407209
-1,-2,-4,-3,2,-2,-1,-3,2021-08-07 10:48:34,408209
-2,-3,-5,-9,-11,-5,-3,-2,2021-08-07 10:48:34,423210
-3,-1,3,7,-1,0,-1,-1,2021-08-07 10:48:34,439210
-3,-3,-4,-14,-19,-6,-4,-3,2021-08-07 10:48:34,439210
1,4,8,20,23,9,3,1,2021-08-07 10:48:34,439210
-2,-4,-5,-1,13,4,0,-3,2021-08-07 10:48:34,439210
2,4,7,12,18,4,1,1,2021-08-07 10:48:34,439210
1,1,-1,2,-2,-1,0,0,2021-08-07 10:48:34,439210
-2,-4,-10,-26,-27,-7,-1,-2,2021-08-07 10:48:34,440210
-3,-5,-7,-8,-10,-8,-4,-3,2021-08-07 10:48:34,455427
-4,-2,-2,-6,-7,-3,-4,-2,2021-08-07 10:48:34,455427
0,0,5,6,4,1,-1,0,2021-08-07 10:48:34,455427
-1,-1,-1,-2,-8,-3,-2,-2,2021-08-07 10:48:34,455427
3,3,3,5,4,2,1,1,2021-08-07 10:48:34,487208
1,0,-7,-10,-3,1,2,1,2021-08-07 10:48:34,487208
1,0,-2,-3,-1,-3,-1,-2,2021-08-07 10:48:34,487208
-2,0,-3,-4,-3,0,0,0,2021-08-07 10:48:34,487208
0,1,3,10,6,5,4,0,2021-08-07 10:48:34,487208
-4,-4,-2,-2,-2,-3,-3,-4,2021-08-07 10:48:34,487208
-4,-4,-6,-17,-5,-3,-3,-4,2021-08-07 10:48:34,503207
-3,-2,3,11,4,-1,-1,-2,2021-08-07 10:48:34,518207
1,0,1,1,0,0,-1,0,2021-08-07 10:48:34,550208
1,-1,-1,-2,-3,-2,-2,1,2021-08-07 10:48:34,566207
2,0,-3,-3,-6,-3,0,2,2021-08-07 10:48:34,566207
0,-3,-2,-6,1,-1,-1,-3,2021-08-07 10:48:34,566207
0,1,-1,-3,-5,0,0,1,2021-08-07 10:48:34,566207
-1,-2,-2,-4,-1,-1,0,-1,2021-08-07 10:48:34,566207
-3,-2,-3,4,0,0,-2,-1,2021-08-07 10:48:34,566207
0,-1,0,7,8,1,0,0,2021-08-07 10:48:34,582208
-3,0,-2,-4,-13,-4,-2,-1,2021-08-07 10:48:34,598208
-1,-1,-2,-7,3,2,-1,-1,2021-08-07 10:48:34,598208
-1,-2,-2,-2,-13,-5,-3,-2,2021-08-07 10:48:34,598208
3,4,6,21,27,11,2,2,2021-08-07 10:48:34,598208
0,1,1,-7,-5,0,1,1,2021-08-07 10:48:34,598208
-2,1,0,8,6,-1,0,0,2021-08-07 10:48:34,598208
-2,-2,-2,-2,-1,-1,-1,-3,2021-08-07 10:48:34,598208
-3,-2,-2,-8,-15,-7,-2,-4,2021-08-07 10:48:34,598208
1,-3,-2,0,3,0,-2,0,2021-08-07 10:48:34,598208
1,0,0,4,-2,-1,1,0,2021-08-07 10:48:34,599211
-1,-2,-4,-7,3,2,2,1,2021-08-07 10:48:34,599211
-2,-4,-7,-12,-10,-4,-2,-2,2021-08-07 10:48:34,599211
-2,-3,1,-6,-8,-6,-2,-5,2021-08-07 10:48:34,614209
3,2,4,15,8,3,1,2,2021-08-07 10:48:34,630208
1,-1,-1,7,16,7,2,1,2021-08-07 10:48:34,630208
-4,-7,-10,-8,-14,-9,-4,-2,2021-08-07 10:48:34,630208
-3,-1,-7,-10,-8,-5,-3,-1,2021-08-07 10:48:34,630208
-1,0,2,-2,8,3,0,-2,2021-08-07 10:48:34,630208
-1,1,2,1,-6,-4,-2,0,2021-08-07 10:48:34,640208
3,2,3,1,5,5,4,2,2021-08-07 10:48:34,640208
-1,-1,0,1,-5,-1,-1,-1,2021-08-07 10:48:34,662210
-3,-5,-9,-14,-15,-8,-4,-3,2021-08-07 10:48:34,662210
2,4,3,8,15,7,2,3,2021-08-07 10:48:34,662210
0,-1,1,-1,1,-1,-4,-1,2021-08-07 10:48:34,662210
2,0,0,5,3,1,0,0,2021-08-07 10:48:34,678207
-2,-4,-8,-19,-22,-8,-4,-3,2021-08-07 10:48:34,694207
3,2,5,13,12,6,2,0,2021-08-07 10:48:34,710207
-1,2,5,7,7,3,0,-1,2021-08-07 10:48:34,726210
-1,-1,-3,0,1,0,0,-1,2021-08-07 10:48:34,726210
-3,-4,-7,-12,-13,-6,-4,-1,2021-08-07 10:48:34,726210
-7,-7,-6,-13,-13,-8,-7,-6,2021-08-07 10:48:34,726210
3,2,3,8,5,0,1,2,2021-08-07 10:48:34,726210
-2,-2,1,2,4,2,1,-1,2021-08-07 10:48:34,726210
0,1,3,6,0,-1,0,-1,2021-08-07 10:48:34,726210
0,2,-1,-3,-3,-1,0,1,2021-08-07 10:48:34,727209
1,1,3,3,3,2,0,0,2021-08-07 10:48:34,727209
-1,-3,-3,0,-2,0,-1,-3,2021-08-07 10:48:34,727209
-2,-1,-4,-12,-14,-5,-3,-1,2021-08-07 10:48:34,727209
-4,-6,-6,-12,-1,-4,-3,-4,2021-08-07 10:48:34,742208
-2,0,0,11,3,0,0,-1,2021-08-07 10:48:34,742208
1,1,3,4,10,4,1,1,2021-08-07 10:48:34,758208
0,3,5,5,3,1,0,0,2021-08-07 10:48:34,758208
1,0,1,3,-6,-2,1,0,2021-08-07 10:48:34,774209
-6,-7,-11,-20,-14,-7,-4,-2,2021-08-07 10:48:34,774209
-2,-1,-6,-6,-5,-5,-3,0,2021-08-07 10:48:34,774209
-3,-1,-2,-3,-1,0,0,-1,2021-08-07 10:48:34,774209
2,3,3,7,5,2,1,2,2021-08-07 10:48:34,774209
2,2,5,6,5,4,2,1,2021-08-07 10:48:34,774209
-1,0,0,2,-2,-5,-2,-2,2021-08-07 10:48:34,806209
2,0,4,13,14,5,2,1,2021-08-07 10:48:34,822208
-1,-1,1,5,3,1,1,-1,2021-08-07 10:48:34,822208
-3,-3,-11,-22,-18,-8,-4,-3,2021-08-07 10:48:34,822208
-3,-3,-3,2,5,0,-1,-1,2021-08-07 10:48:34,822208
4,4,2,0,5,3,3,3,2021-08-07 10:48:34,822208
-2,-2,-3,-3,-2,-1,-1,-3,2021-08-07 10:48:34,823209
-1,-1,2,-1,-5,-3,-3,-2,2021-08-07 10:48:34,823209
-2,-1,-1,-8,-6,-2,-3,-2,2021-08-07 10:48:34,838207
-3,-2,-3,-3,-5,-5,-2,-1,2021-08-07 10:48:34,838207
1,0,2,10,7,3,2,0,2021-08-07 10:48:34,838207
1,0,-2,-1,6,4,1,0,2021-08-07 10:48:34,838207
-3,-7,-9,-19,-8,-6,-2,-4,2021-08-07 10:48:34,854209
-2,-2,-2,-2,-4,-3,-3,-1,2021-08-07 10:48:34,870208
1,4,7,8,6,2,2,1,2021-08-07 10:48:34,886210
-1,1,3,2,2,0,1,-1,2021-08-07 10:48:34,886210
1,2,3,0,-2,0,2,0,2021-08-07 10:48:34,886210
-2,-2,0,-4,-2,-1,-2,-1,2021-08-07 10:48:34,886210
-2,-3,-3,-1,0,-1,-3,-4,2021-08-07 10:48:34,886210
-3,-2,-3,-2,-5,-4,-3,-1,2021-08-07 10:48:34,887209
1,3,6,15,16,7,3,2,2021-08-07 10:48:34,902209
-2,-3,-5,-8,-11,-6,-2,-1,2021-08-07 10:48:34,902209
-1,-1,-3,-4,0,2,-2,-2,2021-08-07 10:48:34,902209
-2,-1,0,-3,-4,-2,-1,-2,2021-08-07 10:48:34,902209
-1,-2,-1,2,-2,-1,-2,-1,2021-08-07 10:48:34,918208
2,1,1,6,3,2,0,1,2021-08-07 10:48:34,934208
-3,-4,-6,-9,-13,-7,-3,-3,2021-08-07 10:48:34,949209
-2,-3,-8,-14,-4,0,0,1,2021-08-07 10:48:34,965208
-1,1,2,10,6,2,0,-1,2021-08-07 10:48:34,980728
0,0,2,12,9,3,1,0,2021-08-07 10:48:34,980728
-3,-3,-3,-21,-20,-9,-5,-5,2021-08-07 10:48:34,980728
-1,-1,1,4,5,-1,-2,-4,2021-08-07 10:48:34,980728
1,2,1,16,10,6,3,0,2021-08-07 10:48:34,980728
-1,1,-1,0,9,3,1,0,2021-08-07 10:48:34,980728
-6,-6,-11,-19,-24,-13,-7,-4,2021-08-07 10:48:34,981729
0,1,3,5,0,0,1,1,2021-08-07 10:48:34,981729
1,2,2,0,-1,-1,-1,-1,2021-08-07 10:48:34,981729
0,-1,0,1,-5,-3,-1,-3,2021-08-07 10:48:34,981729
2,1,1,8,11,5,1,3,2021-08-07 10:48:34,981729
-3,-5,-3,-9,-15,-7,-5,-3,2021-08-07 10:48:34,981729
0,-1,1,4,7,2,1,0,2021-08-07 10:48:34,996729
0,-2,0,-1,-5,-1,-1,1,2021-08-07 10:48:35,012728
0,-1,-1,-3,-4,-1,0,0,2021-08-07 10:48:35,012728
-1,-2,-3,-1,7,0,-1,-1,2021-08-07 10:48:35,012728
-1,-2,-3,-11,-14,-5,-3,-2,2021-08-07 10:48:35,012728
0,-3,-5,0,3,0,1,-1,2021-08-07 10:48:35,012728
-5,-5,-3,-4,1,-3,-2,-2,2021-08-07 10:48:35,012728
0,0,-5,-11,-16,-5,-1,-1,2021-08-07 10:48:35,012728
2,2,4,8,15,6,3,2,2021-08-07 10:48:35,044729
0,0,5,6,2,0,1,-1,2021-08-07 10:48:35,044729
0,0,2,8,3,3,3,1,2021-08-07 10:48:35,044729
-2,-4,-7,-12,-6,-5,-4,0,2021-08-07 10:48:35,044729
-4,-4,-9,-18,-19,-9,-5,-2,2021-08-07 10:48:35,060731
-2,0,0,-1,-3,-1,-1,-1,2021-08-07 10:48:35,060731
3,4,9,17,12,6,2,3,2021-08-07 10:48:35,060731
3,2,5,15,12,6,2,1,2021-08-07 10:48:35,060731
-2,-2,-2,-9,-15,-7,-4,-2,2021-08-07 10:48:35,076729
-2,-2,-4,-1,8,1,-1,-1,2021-08-07 10:48:35,076729
3,4,8,12,7,4,2,2,2021-08-07 10:48:35,076729
-1,-2,2,4,3,-1,0,-1,2021-08-07 10:48:35,076729
-2,-4,-3,-4,-5,-3,-2,0,2021-08-07 10:48:35,091730
-3,-3,-8,-17,-16,-7,-4,-3,2021-08-07 10:48:35,091730
-1,0,2,5,1,0,-2,-1,2021-08-07 10:48:35,091730
3,4,4,8,4,1,2,3,2021-08-07 10:48:35,091730
-1,-2,2,11,15,2,0,-4,2021-08-07 10:48:35,123728
1,0,2,0,-7,-4,-1,1,2021-08-07 10:48:35,123728
-2,0,-3,-2,-1,-2,-1,-1,2021-08-07 10:48:35,123728
-3,-4,-5,-9,-9,-4,-2,-3,2021-08-07 10:48:35,123728
1,0,0,2,7,1,0,1,2021-08-07 10:48:35,154729
-1,0,0,2,6,3,0,0,2021-08-07 10:48:35,154729
1,0,0,4,4,0,0,0,2021-08-07 10:48:35,154729
-2,-1,2,-3,-5,-2,-4,-1,2021-08-07 10:48:35,154729
-1,0,-3,-1,-6,-2,1,0,2021-08-07 10:48:35,154729
0,0,0,-1,11,3,3,-1,2021-08-07 10:48:35,154729
-1,-4,-7,-11,-14,-9,-2,-2,2021-08-07 10:48:35,155730
0,2,2,10,11,4,2,2,2021-08-07 10:48:35,155730
0,-1,-4,-14,-7,-1,0,1,2021-08-07 10:48:35,185729
0,-1,1,1,-3,-2,-2,-3,2021-08-07 10:48:35,185729
0,-3,-2,-1,-4,-1,-1,-2,2021-08-07 10:48:35,185729
1,0,1,1,2,-1,-1,0,2021-08-07 10:48:35,185729
-1,-2,-3,-11,-6,-1,-2,-3,2021-08-07 10:48:35,201732
-2,-1,1,1,-9,-6,-2,-2,2021-08-07 10:48:35,201732
2,1,2,2,8,4,3,1,2021-08-07 10:48:35,217727
-1,-2,-1,3,8,2,1,-3,2021-08-07 10:48:35,217727
-3,-4,-7,-10,-11,-7,-1,0,2021-08-07 10:48:35,217727
-4,-1,-4,-3,-1,-3,-1,-2,2021-08-07 10:48:35,217727
-2,-2,-1,-5,-5,-2,-2,-2,2021-08-07 10:48:35,217727
-1,1,3,1,-3,-2,-3,-2,2021-08-07 10:48:35,217727
2,4,9,11,10,4,1,1,2021-08-07 10:48:35,233729
3,1,4,13,11,6,1,2,2021-08-07 10:48:35,233729
-1,-4,-7,-6,-4,-4,-1,0,2021-08-07 10:48:35,265728
-5,-4,-10,-17,-12,-6,-4,-3,2021-08-07 10:48:35,281729
0,-1,1,4,10,4,0,-1,2021-08-07 10:48:35,297729
-3,0,1,-2,-7,-3,-1,-2,2021-08-07 10:48:35,297729
0,4,2,2,4,1,-1,1,2021-08-07 10:48:35,297729
3,0,2,7,3,0,0,1,2021-08-07 10:48:35,297729
-4,-3,-7,-10,-13,-7,-3,-3,2021-08-07 10:48:35,297729
1,-3,-3,-1,1,2,1,1,2021-08-07 10:48:35,297729
-1,-2,-1,-2,0,0,0,0,2021-08-07 10:48:35,297729
-4,-5,-6,-11,-10,-4,-1,-1,2021-08-07 10:48:35,297729
-4,-2,0,0,-2,-2,-5,-3,2021-08-07 10:48:35,297729
-1,0,3,11,10,5,0,-2,2021-08-07 10:48:35,298730
-3,-1,1,-4,-8,-4,-4,-1,2021-08-07 10:48:35,298730
-1,-1,1,6,-1,-2,-2,0,2021-08-07 10:48:35,298730
-2,-2,-4,-7,-6,-3,-2,0,2021-08-07 10:48:35,329729
1,1,-2,-9,0,-1,1,1,2021-08-07 10:48:35,329729
5,4,2,7,8,3,4,0,2021-08-07 10:48:35,329729
-1,-2,-3,-6,-4,-2,-3,-2,2021-08-07 10:48:35,329729
0,-1,1,9,5,1,0,-2,2021-08-07 10:48:35,344729
-8,-7,-8,-17,-23,-13,-7,-4,2021-08-07 10:48:35,360728
-1,-1,-2,-3,-1,0,-1,0,2021-08-07 10:48:35,376729
2,1,4,5,12,7,2,1,2021-08-07 10:48:35,376729
0,2,3,7,6,1,2,0,2021-08-07 10:48:35,376729
-1,-2,-2,0,-2,-2,-3,-1,2021-08-07 10:48:35,376729
-4,-3,-2,0,-2,-3,-2,-3,2021-08-07 10:48:35,377730
-2,0,-4,-8,-14,-6,-3,0,2021-08-07 10:48:35,377730
0,-1,0,-1,-2,-2,0,-1,2021-08-07 10:48:35,377730
0,-1,-2,2,10,3,0,-1,2021-08-07 10:48:35,377730
-1,2,2,-2,1,2,1,2,2021-08-07 10:48:35,377730
-1,1,0,2,1,1,-1,-1,2021-08-07 10:48:35,377730
1,-1,-3,-6,-3,-1,-1,1,2021-08-07 10:48:35,408728
0,-1,3,5,0,-1,-1,-1,2021-08-07 10:48:35,408728
-3,-4,-4,-14,-13,-7,-3,-3,2021-08-07 10:48:35,408728
0,-2,-3,-4,1,-1,-1,1,2021-08-07 10:48:35,424729
2,1,0,5,5,1,0,-1,2021-08-07 10:48:35,424729
-1,0,2,1,4,2,1,0,2021-08-07 10:48:35,424729
0,-2,-4,-7,-6,-2,-2,-1,2021-08-07 10:48:35,440729
1,3,7,11,14,7,3,1,2021-08-07 10:48:35,456729
-2,-1,0,-1,-9,-5,-2,-1,2021-08-07 10:48:35,456729
1,0,-5,-7,1,1,0,0,2021-08-07 10:48:35,456729
-1,-2,-3,2,0,-3,-3,-3,2021-08-07 10:48:35,456729
-3,-4,-6,-5,-6,-4,-3,-2,2021-08-07 10:48:35,456729
-1,-1,0,3,3,1,0,0,2021-08-07 10:48:35,456729
0,2,4,2,-2,-1,-1,-1,2021-08-07 10:48:35,457730
0,-2,-2,1,-1,-2,-1,-2,2021-08-07 10:48:35,457730
1,1,-1,-4,-2,-1,-1,-2,2021-08-07 10:48:35,457730
-1,0,0,4,3,2,1,-1,2021-08-07 10:48:35,487729
-1,-2,-3,-4,-5,-2,-2,-2,2021-08-07 10:48:35,491730
0,2,1,3,3,2,0,2,2021-08-07 10:48:35,491730
-1,0,-1,-2,0,-2,-1,-1,2021-08-07 10:48:35,492730
0,1,-2,-2,-4,-2,-2,0,2021-08-07 10:48:35,492730
-1,-1,0,-3,-4,-4,-2,-2,2021-08-07 10:48:35,492730
-1,-4,-3,-1,0,-1,-3,-3,2021-08-07 10:48:35,503727
0,2,-1,-2,0,-1,0,0,2021-08-07 10:48:35,503727
-1,-2,-2,-6,-1,0,-1,0,2021-08-07 10:48:35,519728
1,1,1,11,11,5,3,0,2021-08-07 10:48:35,535730
-1,0,-2,0,-7,-4,-2,-1,2021-08-07 10:48:35,535730
1,1,3,11,12,3,0,0,2021-08-07 10:48:35,535730
-2,-4,-6,-16,-20,-8,-3,-3,2021-08-07 10:48:35,535730
0,-2,1,9,15,5,-1,1,2021-08-07 10:48:35,535730
-2,-2,1,-3,-3,-1,0,-1,2021-08-07 10:48:35,535730
2,-2,1,9,7,4,3,1,2021-08-07 10:48:35,535730
0,-1,-2,-6,-3,-4,-1,-1,2021-08-07 10:48:35,567728
-3,-4,-5,-13,-18,-9,-5,-3,2021-08-07 10:48:35,582729
1,2,1,1,0,0,0,1,2021-08-07 10:48:35,597732
-1,-2,-3,-4,-2,-3,-2,-2,2021-08-07 10:48:35,597732
-1,2,3,10,11,5,1,1,2021-08-07 10:48:35,597732
-2,-1,-5,-6,-9,-6,-4,-2,2021-08-07 10:48:35,597732
0,0,1,7,5,1,0,0,2021-08-07 10:48:35,597732
0,0,2,2,1,1,0,-1,2021-08-07 10:48:35,597732
-1,-3,-4,-6,-3,-3,-4,-3,2021-08-07 10:48:35,597732
-1,1,1,1,0,0,-2,-2,2021-08-07 10:48:35,598731
0,0,-2,-8,-4,-1,-1,-1,2021-08-07 10:48:35,613728
1,0,1,0,-5,-2,1,1,2021-08-07 10:48:35,613728
0,0,-4,-7,-4,-2,-2,-1,2021-08-07 10:48:35,613728
-1,-2,-5,3,7,2,1,-1,2021-08-07 10:48:35,614152
-1,-1,-2,4,7,2,-1,-2,2021-08-07 10:48:35,628764
-1,0,4,4,-4,-1,1,0,2021-08-07 10:48:35,628764
-1,-3,0,-4,-12,-8,-3,-2,2021-08-07 10:48:35,644765
-1,-1,-3,-9,-9,-1,2,0,2021-08-07 10:48:35,660765
1,1,3,6,17,6,-1,0,2021-08-07 10:48:35,676765
-1,-2,-4,-9,-6,-5,-3,-1,2021-08-07 10:48:35,676765
-1,0,3,11,5,4,-1,-1,2021-08-07 10:48:35,676765
1,1,-1,-5,-8,-3,-2,-1,2021-08-07 10:48:35,676765
-3,-1,-4,-2,-2,-2,-3,-1,2021-08-07 10:48:35,676765
-2,-1,-2,-5,-2,-1,-2,-1,2021-08-07 10:48:35,676765
-1,-1,-4,-1,-1,0,0,-2,2021-08-07 10:48:35,676765
-1,-3,-1,-3,-4,-3,-1,-1,2021-08-07 10:48:35,677769
-1,0,-4,-7,-1,-1,-1,0,2021-08-07 10:48:35,677769
-3,-3,-4,-2,-6,-4,-2,-1,2021-08-07 10:48:35,677769
3,4,5,16,26,14,6,3,2021-08-07 10:48:35,708766
-2,-1,-3,-5,-4,-4,-3,-1,2021-08-07 10:48:35,724765
2,1,1,-1,-15,-4,0,0,2021-08-07 10:48:35,724765
1,2,2,13,22,8,2,0,2021-08-07 10:48:35,724765
-1,-1,-1,2,5,0,0,0,2021-08-07 10:48:35,724765
1,0,1,3,2,-1,0,-1,2021-08-07 10:48:35,724765
-3,-3,-4,-3,-8,-4,-3,-2,2021-08-07 10:48:35,725767
-3,-3,-7,-15,-12,-6,-2,-2,2021-08-07 10:48:35,740765
0,1,-1,-4,-7,-6,-2,0,2021-08-07 10:48:35,740765
0,0,3,4,7,4,0,0,2021-08-07 10:48:35,740765
-2,-2,-3,-2,-7,-4,-1,-2,2021-08-07 10:48:35,740765
-1,-2,-3,-8,-4,-1,-1,-1,2021-08-07 10:48:35,740765
-1,-1,-1,1,-3,-1,-1,-1,2021-08-07 10:48:35,787765
-3,-2,-1,-1,-3,-3,-2,-2,2021-08-07 10:48:35,787765
1,1,5,12,20,9,2,2,2021-08-07 10:48:35,787765
-3,-3,-2,-1,-3,0,-1,-2,2021-08-07 10:48:35,787765
0,0,2,0,-4,-4,-1,-2,2021-08-07 10:48:35,787765
-2,-3,-2,-11,-13,-6,-4,-1,2021-08-07 10:48:35,788768
-1,-3,-3,-1,2,-2,-2,-2,2021-08-07 10:48:35,788768
1,2,-1,2,1,0,-1,-2,2021-08-07 10:48:35,788768
-4,-3,-2,-8,-8,-3,-3,-3,2021-08-07 10:48:35,788768
-1,-1,-4,-5,-3,0,-1,0,2021-08-07 10:48:35,788768
1,1,1,8,3,1,0,0,2021-08-07 10:48:35,819765
2,-1,2,5,-3,-2,-2,0,2021-08-07 10:48:35,819765
0,-3,-2,-2,-1,0,1,-1,2021-08-07 10:48:35,819765
-1,-3,-4,0,0,-2,0,-1,2021-08-07 10:48:35,819765
-5,-4,-3,-10,-12,-7,-3,-3,2021-08-07 10:48:35,819765
2,2,6,14,16,9,3,3,2021-08-07 10:48:35,819765
0,0,3,4,4,1,-2,0,2021-08-07 10:48:35,836007
1,0,1,4,6,3,1,1,2021-08-07 10:48:35,836007
0,-1,-2,-1,-4,-2,-1,0,2021-08-07 10:48:35,836007
0,-1,0,-7,-6,-4,-3,1,2021-08-07 10:48:35,836007
0,0,-3,2,2,2,2,0,2021-08-07 10:48:35,867281
-1,0,-2,0,1,1,2,-1,2021-08-07 10:48:35,867281
-2,0,0,-7,-3,-4,-1,-2,2021-08-07 10:48:35,883282
0,-2,-3,-1,1,2,2,0,2021-08-07 10:48:35,883282
-1,-2,-2,-5,-5,-2,-2,0,2021-08-07 10:48:35,883282
-2,-1,0,0,-5,-3,-2,-2,2021-08-07 10:48:35,883282
-2,-2,-2,-4,-7,-2,-2,-2,2021-08-07 10:48:35,883282
-1,0,-6,-12,-8,-3,-2,-3,2021-08-07 10:48:35,883282
-1,-1,1,10,11,3,0,0,2021-08-07 10:48:35,899281
-1,-2,-3,-9,-9,-4,-3,-1,2021-08-07 10:48:35,915283
0,-3,-1,0,2,-1,-1,-1,2021-08-07 10:48:35,918286
-1,-1,1,2,1,-1,-2,-1,2021-08-07 10:48:35,918286
-1,-1,-2,-6,-5,-2,-2,-1,2021-08-07 10:48:35,918286
0,0,0,0,1,1,0,-1,2021-08-07 10:48:35,918286
-1,-3,-3,-2,1,1,1,-1,2021-08-07 10:48:35,918286
-3,-3,-3,-8,-9,-6,-2,-2,2021-08-07 10:48:35,918286
-5,-4,-7,-16,-11,-6,-5,-1,2021-08-07 10:48:35,947284
5,9,15,33,30,16,8,6,2021-08-07 10:48:35,947284
0,0,-2,0,0,1,0,-2,2021-08-07 10:48:35,947284
0,-3,-1,0,-5,-3,-2,-3,2021-08-07 10:48:35,947284
-3,-4,-6,-13,-15,-5,-3,-2,2021-08-07 10:48:35,947284
-1,-1,-3,-4,-2,-5,-3,-2,2021-08-07 10:48:35,947284
1,1,0,1,5,3,2,1,2021-08-07 10:48:35,963282
-3,-1,0,1,-8,-4,-2,-2,2021-08-07 10:48:35,963282
1,-2,-1,-1,4,2,0,-2,2021-08-07 10:48:35,995282
-1,-1,-2,-8,1,0,0,0,2021-08-07 10:48:36,011280
0,2,3,7,-1,-2,0,-3,2021-08-07 10:48:36,011280
-4,-3,-6,-15,-16,-6,-4,-2,2021-08-07 10:48:36,011280
4,3,2,8,13,4,3,1,2021-08-07 10:48:36,011280
-2,-2,-1,5,3,0,-2,-1,2021-08-07 10:48:36,011280
-3,-3,-3,-6,-3,-3,-3,-2,2021-08-07 10:48:36,027283
-2,-1,-4,-11,-10,-4,0,-1,2021-08-07 10:48:36,043280
-5,-4,-5,-14,-20,-9,-5,-3,2021-08-07 10:48:36,059282
5,6,9,24,32,14,8,5,2021-08-07 10:48:36,059282
0,1,4,13,15,4,1,1,2021-08-07 10:48:36,059282
-2,-2,-2,-2,-1,-1,-1,-1,2021-08-07 10:48:36,059282
0,-1,-1,-3,-9,-4,-2,-3,2021-08-07 10:48:36,059282
-3,-5,-6,-14,-22,-11,-4,-5,2021-08-07 10:48:36,060282
-1,-2,-5,-9,-6,-1,0,0,2021-08-07 10:48:36,060282
3,2,7,17,15,7,1,1,2021-08-07 10:48:36,060282
-1,0,1,4,1,-2,-1,0,2021-08-07 10:48:36,060282
-3,-3,-4,-9,-12,-6,-3,-3,2021-08-07 10:48:36,060282
0,1,2,4,6,2,1,-1,2021-08-07 10:48:36,060282
1,1,-2,1,8,4,2,-1,2021-08-07 10:48:36,060282
1,1,4,10,5,2,-1,0,2021-08-07 10:48:36,075282
-2,-3,-2,-6,-10,-6,-4,-2,2021-08-07 10:48:36,091283
-2,-1,-4,-17,-17,-6,-4,-1,2021-08-07 10:48:36,107284
5,2,4,21,16,8,4,3,2021-08-07 10:48:36,107284
-4,-3,-9,-6,4,4,2,0,2021-08-07 10:48:36,107284
-1,-1,-1,-3,-8,-3,0,1,2021-08-07 10:48:36,107284
-1,-2,0,5,6,2,0,-1,2021-08-07 10:48:36,107284
-1,1,2,3,3,0,0,-3,2021-08-07 10:48:36,107284
-2,0,6,10,9,1,-1,-2,2021-08-07 10:48:36,123283
-4,-5,-3,-11,-7,-3,-3,-4,2021-08-07 10:48:36,139283
-1,0,0,0,-3,-1,-3,-1,2021-08-07 10:48:36,155281
0,-1,-1,3,6,0,-1,-1,2021-08-07 10:48:36,155281
1,0,-2,-11,-14,-6,-1,1,2021-08-07 10:48:36,155281
-1,-1,-2,-4,-2,-2,-1,0,2021-08-07 10:48:36,155281
1,0,0,2,3,2,0,1,2021-08-07 10:48:36,155281
-1,-2,-4,-9,1,0,-1,0,2021-08-07 10:48:36,155281
0,0,2,11,3,2,0,1,2021-08-07 10:48:36,156282
-2,0,-1,0,-3,0,0,1,2021-08-07 10:48:36,156282
-3,-4,-6,-11,-8,-4,-1,-3,2021-08-07 10:48:36,171281
-1,-1,0,0,-7,-4,-1,-1,2021-08-07 10:48:36,171281
2,1,0,-4,2,0,-1,-1,2021-08-07 10:48:36,171281
2,2,1,4,8,5,1,0,2021-08-07 10:48:36,171281
-2,-2,-2,-1,-9,-5,-3,0,2021-08-07 10:48:36,187281
-4,-3,-5,-12,-8,-3,-4,-1,2021-08-07 10:48:36,187281
-1,2,1,4,2,0,-1,-2,2021-08-07 10:48:36,219282
1,0,2,12,14,5,2,-1,2021-08-07 10:48:36,219282
0,0,-1,1,-1,0,-1,0,2021-08-07 10:48:36,219282
-2,-2,-6,-11,-2,1,0,0,2021-08-07 10:48:36,219282
-2,-4,-3,-1,-9,-5,-1,-4,2021-08-07 10:48:36,219282
-2,-2,-2,-7,1,0,-2,-2,2021-08-07 10:48:36,219282
1,1,4,9,7,4,0,-1,2021-08-07 10:48:36,219282
0,1,2,4,2,0,-1,-1,2021-08-07 10:48:36,220283
1,0,1,2,3,0,-1,0,2021-08-07 10:48:36,251284
-2,-1,-3,-12,-14,-6,-2,-1,2021-08-07 10:48:36,267281
1,0,-3,-5,-3,-3,1,-1,2021-08-07 10:48:36,267281
-3,-3,-2,-10,-14,-7,-4,-3,2021-08-07 10:48:36,267281
-1,0,4,8,9,2,1,0,2021-08-07 10:48:36,267281
0,-1,-4,-8,-5,-2,-3,1,2021-08-07 10:48:36,267281
-2,-1,-1,6,6,1,0,0,2021-08-07 10:48:36,267281
-1,-2,-4,-10,-13,-7,-2,-2,2021-08-07 10:48:36,267281
-3,-4,-8,-16,-13,-6,-3,-3,2021-08-07 10:48:36,283282
2,3,7,19,18,7,4,3,2021-08-07 10:48:36,283282
-1,-1,-1,-2,-7,-4,-2,-4,2021-08-07 10:48:36,299282
1,0,0,4,8,3,1,0,2021-08-07 10:48:36,299282
0,-1,-4,-5,-1,-1,-1,0,2021-08-07 10:48:36,299282
-4,-4,-4,-11,-13,-5,-4,-3,2021-08-07 10:48:36,299282
2,1,0,-2,-2,-1,0,0,2021-08-07 10:48:36,330282
-1,-1,3,8,-1,-2,-2,-1,2021-08-07 10:48:36,330282
0,1,2,3,6,4,2,1,2021-08-07 10:48:36,330282
2,-1,-2,-2,1,0,-1,-1,2021-08-07 10:48:36,330282
-3,-2,-2,-6,-6,-2,-3,-2,2021-08-07 10:48:36,330282
-1,1,0,1,-1,1,-1,0,2021-08-07 10:48:36,330282
-1,-2,-3,-1,7,4,0,0,2021-08-07 10:48:36,330282
1,0,0,9,2,0,1,0,2021-08-07 10:48:36,331283
0,2,2,2,5,3,0,-2,2021-08-07 10:48:36,339282
0,-4,-2,-2,-3,-1,-1,-1,2021-08-07 10:48:36,339282
