Timestamp,Milliseconds,Angle,Angular Velocity,
,,,,
16:24.9,896569,126.5384931,141.1363689,
,,,,
16:24.9,900593,125.8653998,167.2697095,
,,,,
16:24.9,905595,120.9525977,982.1675646,
,,,,
16:24.9,909595,120.8905778,15.5049514,
,,,,
16:24.9,913568,123.818538,736.9645437,
,,,,
16:24.9,917568,125.4938401,418.8255323,
,,,,
16:24.9,921567,121.9982922,874.1054946,
,,,,
16:24.9,925567,122.0561053,14.4532745,
,,,,
16:24.9,930569,123.1850091,225.6904769,
,,,,
16:24.9,934569,124.8178925,408.2208617,
,,,,
16:24.9,938569,124.0765296,185.3407455,
,,,,
16:24.9,942568,128.8533342,1194.499796,
,,,,
16:24.9,946569,129.8465624,248.2449756,
,,,,
16:25.0,951569,130.1253145,55.75041891,
,,,,
16:25.0,955569,131.5603234,358.7522374,
,,,,
16:25.0,959568,129.2542447,576.6638462,
,,,,
16:25.0,963569,129.982089,181.915586,
,,,,
16:25.0,967568,126.5242154,864.684564,
,,,,
16:25.0,971569,126.9928372,117.1261688,
,,,,
16:25.0,976570,124.0417052,590.1083703,
,,,,
16:25.0,980567,126.6739893,658.5649353,
,,,,
16:25.0,984567,126.6500175,5.992948057,
,,,,
16:25.0,988568,127.3547535,176.1399609,
,,,,
16:25.0,992569,128.0539293,174.7502782,
,,,,
16:25.0,996569,127.8018027,63.03167396,
,,,,
16:25.0,567,128.1453634,0.344939819,
,,,,
16:25.0,5568,129.9517643,361.2079345,
,,,,
16:25.0,9568,129.4392595,128.1261931,
,,,,
16:25.0,13568,129.264803,43.61413521,
,,,,
16:25.0,17567,127.3773859,471.9722497,
,,,,
16:25.0,21568,126.0320052,336.2611265,
,,,,
16:25.0,26570,126.3624848,66.06949447,
,,,,
16:25.0,30569,124.316157,511.7098793,
,,,,
16:25.0,34571,126.6610924,585.9408757,
,,,,
16:25.0,38569,127.7208836,265.0803571,
,,,,
16:25.0,42570,127.2091019,127.9134447,
,,,,
16:25.0,46570,128.5352887,331.5466884,
,,,,
16:25.1,51570,129.5985418,212.650631,
,,,,
16:25.1,55569,128.8974177,175.3248782,
,,,,
16:25.1,59570,128.5468783,87.61294726,
,,,,
16:25.1,63572,128.2367901,77.48330312,
,,,,
16:25.1,67569,128.4296226,48.24431059,
,,,,
16:25.1,71570,129.2157068,196.4719251,
,,,,
16:25.1,76570,127.4460158,353.9381948,
,,,,
16:25.1,80569,127.2253797,55.17280441,
,,,,
16:25.1,84570,125.9223307,325.6808309,
,,,,
16:25.1,88569,124.941304,245.318015,
,,,,
16:25.1,92572,125.0281771,21.70200387,
,,,,
16:25.1,96570,125.1357347,26.90285414,
,,,,
16:25.1,100570,123.5345509,400.2959619,
,,,,
16:25.1,105569,128.2565842,944.5955889,
,,,,
16:25.1,109570,126.7802434,368.9929612,
,,,,
16:25.1,113570,127.6949214,228.6695059,
,,,,
16:25.1,117569,126.6858024,252.3428371,
,,,,
16:25.1,121570,128.0131893,331.7637763,
,,,,
16:25.1,126093,126.2688186,385.6667435,
,,,,
16:25.1,130095,126.1243319,36.10361409,
,,,,
16:25.1,134095,124.5220295,400.5756071,
,,,,
16:25.1,138092,121.4945172,757.4461628,
,,,,
16:25.1,143094,123.9213371,485.1699169,
,,,,
16:25.1,147094,124.2803955,89.76459259,
,,,,
16:25.2,151093,124.8020835,130.4546208,
,,,,
16:25.2,155094,125.4217041,154.8664184,
,,,,
16:25.2,159093,124.5100537,227.9695819,
,,,,
16:25.2,163094,125.7462758,308.9782722,
,,,,
16:25.2,168095,125.5910665,31.03564755,
,,,,
16:25.2,172092,126.6421028,262.9562898,
,,,,
16:25.2,176096,128.9085837,566.0541863,
,,,,
16:25.2,180096,127.5391987,342.3462653,
,,,,
16:25.2,184094,127.4054687,33.44923177,
,,,,
16:25.2,188093,127.0098252,98.93559322,
,,,,
16:25.2,193093,126.020994,197.766245,
,,,,
16:25.2,197094,126.6030483,145.4772005,
,,,,
16:25.2,201093,127.8678456,316.2784137,
,,,,
16:25.2,205093,127.7888811,19.74113739,
,,,,
16:25.2,209093,130.0548004,566.4798187,
,,,,
16:25.2,213093,128.4505733,401.0567744,
,,,,
16:25.2,218093,128.5425329,18.39192099,
,,,,
16:25.2,222095,129.2157881,168.2296944,
,,,,
16:25.2,226094,126.5148734,675.3975414,
,,,,
16:25.2,230095,126.0592132,113.8865686,
,,,,
16:25.2,234093,124.3855259,418.6311481,
,,,,
16:25.2,238094,123.9018517,120.8883271,
,,,,
16:25.2,243093,123.6513374,50.11286949,
,,,,
16:25.2,247094,124.4777088,206.5412045,
,,,,
16:25.3,251093,123.0196199,364.6133751,
,,,,
16:25.3,255093,124.96278,485.7900351,
,,,,
16:25.3,259095,126.6957542,433.0270367,
,,,,
16:25.3,263093,126.0167959,169.8245081,
,,,,
16:25.3,268095,124.7681332,249.6326849,
,,,,
16:25.3,272094,125.4220564,163.5216897,
,,,,
16:25.3,276095,127.0865836,416.0278026,
,,,,
16:25.3,280094,125.8088178,319.5213413,
,,,,
16:25.3,284094,124.9270965,220.4303143,
,,,,
16:25.3,288093,123.502928,356.1311606,
,,,,
16:25.3,293093,123.5273117,4.876743196,
,,,,
16:25.3,297094,124.1510212,155.8883828,
,,,,
16:25.3,301094,124.659519,127.1244641,
,,,,
16:25.3,305093,123.7829686,219.1923989,
,,,,
16:25.3,309092,123.8357092,13.18844325,
,,,,
16:25.3,313093,123.7743232,15.34266824,
,,,,
16:25.3,318098,124.2966405,104.3590947,
,,,,
16:25.3,322094,123.3365756,240.2564706,
,,,,
16:25.3,326094,124.0296421,173.2666346,
,,,,
16:25.3,330092,124.3924628,90.75055126,
,,,,
16:25.3,334094,124.7542077,90.39102857,
,,,,
16:25.3,339094,125.2066402,90.48649767,
,,,,
16:25.3,343093,125.2683576,15.43320754,
,,,,
16:25.3,347094,124.9019948,91.56780607,
,,,,
16:25.4,351094,124.3673392,133.6639114,
,,,,
16:25.4,355096,124.7245171,89.24984793,
,,,,
16:25.4,359094,124.3725311,88.04052535,
,,,,
16:25.4,364093,125.5326813,232.0764688,
,,,,
16:25.4,368095,125.6955152,40.68812482,
,,,,
16:25.4,372094,127.7088651,503.4633377,
,,,,
16:25.4,376093,125.241332,617.0375338,
,,,,
16:25.4,380094,124.3630817,219.5076958,
,,,,
16:25.4,384093,125.6239768,315.3025921,
,,,,
16:25.4,388093,125.211657,103.0799466,
,,,,
16:25.4,393094,126.0532138,168.2776986,
,,,,
16:25.4,397092,126.894299,210.3765096,
,,,,
16:25.4,401094,125.2917398,400.4396006,
,,,,
16:25.4,405092,126.050581,189.8052186,
,,,,
16:25.4,409093,126.5942379,135.8802401,
,,,,
16:25.4,414094,123.9101629,536.7076433,
,,,,
16:25.4,418093,123.9665897,14.11022643,
,,,,
16:25.4,422095,124.0086153,10.50113951,
,,,,
16:25.4,426094,122.0263786,495.6831046,
,,,,
16:25.4,430094,123.4152621,347.2208905,
,,,,
16:25.4,434094,123.4894553,18.54829667,
,,,,
16:25.4,439098,124.1384555,129.6962833,
,,,,
16:25.4,443095,123.2738301,216.3186009,
,,,,
16:25.4,447093,122.6762959,149.4582807,
,,,,
16:25.5,451092,126.7145249,1009.809722,
,,,,
16:25.5,455094,122.6527466,1014.937115,
,,,,
16:25.5,459094,124.3287957,419.0122822,
,,,,
16:25.5,464094,122.3534854,395.0620634,
,,,,
16:25.5,468095,121.3217784,257.8622784,
,,,,
16:25.5,472094,123.4850625,540.9562538,
,,,,
16:25.5,476093,122.0554194,357.5001521,
,,,,
16:25.5,480101,124.187692,532.0041454,
,,,,
16:25.5,484093,123.8380187,87.59351732,
,,,,
16:25.5,489095,124.223873,77.14001097,
,,,,
16:25.5,493093,126.0338737,452.7265366,
,,,,
16:25.5,497096,125.9308363,25.74004494,
,,,,
16:25.5,501094,126.7740865,210.918004,
,,,,
16:25.5,505094,126.6635366,27.63746222,
,,,,
16:25.5,509093,125.0010833,415.7172756,
,,,,
16:25.5,513094,125.4527319,112.8839355,
,,,,
16:25.5,518093,124.7060262,149.3710037,
,,,,
16:25.5,522094,124.5490088,39.2445584,
,,,,
16:25.5,526093,125.2029348,163.5223977,
,,,,
16:25.5,530093,125.370938,42.00079321,
,,,,
16:25.5,534092,126.8416075,367.7593076,
,,,,
16:25.5,538092,125.7645051,269.2755896,
,,,,
16:25.5,543097,125.6513011,22.6181744,
,,,,
16:25.5,547093,126.5194006,217.2420979,
,,,,
16:25.6,551093,126.3023549,54.26140599,
,,,,
16:25.6,555093,125.6358612,166.6234353,
,,,,
16:25.6,559094,125.1886915,111.7644952,
,,,,
16:25.6,564096,123.8456366,268.5035723,
,,,,
16:25.6,568095,126.0016834,539.1464883,
,,,,
16:25.6,572096,124.4627729,384.6314657,
,,,,
16:25.6,576094,122.7151476,437.1248831,
,,,,
16:25.6,580097,124.2393262,380.7590683,
,,,,
16:25.6,584095,124.3094487,17.53939928,
,,,,
16:25.6,588093,124.6417263,83.11097009,
,,,,
16:25.6,593093,123.5972154,208.9021906,
,,,,
16:25.6,597095,124.0401974,110.6901486,
,,,,
16:25.6,601093,124.9319529,223.050411,
,,,,
16:25.6,605094,123.3039019,406.9110328,
,,,,
16:25.6,609095,123.2388734,16.2530432,
,,,,
16:25.6,613094,123.3930865,38.56290351,
,,,,
16:25.6,618095,123.6553572,52.44365021,
,,,,
16:25.6,622094,123.5287365,31.66307654,
,,,,
16:25.6,626093,122.9863384,135.6334459,
,,,,
16:25.6,630094,120.9365186,512.326878,
,,,,
16:25.6,634096,122.7429356,451.3785809,
,,,,
16:25.6,639096,121.9185014,164.8868387,
,,,,
16:25.6,643097,123.2980607,344.8036092,
,,,,
16:25.6,647093,121.5325779,441.8125008,
,,,,
16:25.7,651094,122.7987985,316.4760282,
,,,,
16:25.7,655097,123.4586434,164.8375909,
,,,,
16:25.7,659093,123.3937374,16.24273808,
,,,,
16:25.7,664096,124.0934705,139.8626933,
,,,,
16:25.7,668094,123.8242067,67.34962506,
,,,,
16:25.7,672092,126.9582163,783.8943662,
,,,,
16:25.7,676094,127.1767594,54.60845568,
,,,,
16:25.7,680096,128.711287,383.4401894,
,,,,
16:25.7,684093,127.1757145,384.1812598,
,,,,
16:25.7,688096,124.4983352,668.8431962,
,,,,
16:25.7,693093,124.5640892,13.15869643,
,,,,
16:25.7,697095,123.1647994,349.6476242,
,,,,
16:25.7,701095,125.5426578,594.4645886,
,,,,
16:25.7,705093,125.2563601,71.61021335,
,,,,
16:25.7,709096,125.8118083,138.7579653,
,,,,
16:25.7,714099,124.5947837,243.2589572,
,,,,
16:25.7,718093,123.8825185,178.3338045,
,,,,
16:25.7,722094,123.5634901,79.73715817,
,,,,
16:25.7,726094,124.4279678,216.1194236,
,,,,
16:25.7,730094,123.653178,193.697465,
,,,,
16:25.7,734094,123.813713,40.13375215,
,,,,
16:25.7,738099,124.6564416,210.4191397,
,,,,
16:25.7,743096,124.1429642,102.7571419,
,,,,
16:25.7,747092,123.7409354,100.6078081,
,,,,
16:25.8,751092,125.5671235,456.5470226,
,,,,
16:25.8,755093,123.6664242,475.0560603,
,,,,
16:25.8,759092,125.100065,358.499828,
,,,,
16:25.8,764097,124.6419089,91.53968098,
,,,,
16:25.8,768092,124.1312013,127.8366826,
,,,,
16:25.8,772095,126.1108246,494.5349112,
,,,,
16:25.8,776095,125.3956099,178.8036837,
,,,,
16:25.8,780094,124.2823902,278.3745176,
,,,,
16:25.8,784097,123.4458096,208.9884098,
,,,,
16:25.8,789094,124.5902711,229.0297192,
,,,,
16:25.8,793093,123.41262,294.4863893,
,,,,
16:25.8,797093,124.0198797,151.8149361,
,,,,
16:25.8,801095,124.2825532,65.63553903,
,,,,
16:25.8,805092,122.4589828,456.2347753,
,,,,
16:25.8,809092,122.9658299,126.7117894,
,,,,
16:25.8,814095,124.1898412,244.6554666,
,,,,
16:25.8,818093,125.825429,409.1015023,
,,,,
16:25.8,822095,128.4035804,644.2157278,
,,,,
16:25.8,826095,127.3293453,268.5587643,
,,,,
16:25.8,830095,127.3481225,4.69430322,
,,,,
16:25.8,834096,125.9686594,344.7795885,
,,,,
16:25.8,839098,127.135982,233.371177,
,,,,
16:25.8,843098,128.5439569,351.9937188,
,,,,
16:25.8,847098,126.8344923,427.3661386,
,,,,
16:25.9,851094,127.5107623,169.2367216,
,,,,
16:25.9,855094,126.0334801,369.3205389,
,,,,
16:25.9,859098,126.875822,210.3750838,
,,,,
16:25.9,864095,126.5700097,61.19917872,
,,,,
16:25.9,868094,126.0816128,122.1297466,
,,,,
16:25.9,872098,124.1120666,491.8946485,
,,,,
16:25.9,876635,125.3890266,281.4547039,
,,,,
16:25.9,880168,124.4525331,265.0703461,
,,,,
16:25.9,884166,123.7802565,168.1532148,
,,,,
16:25.9,888165,122.7117371,267.196654,
,,,,
16:25.9,893167,120.5944468,423.288749,
,,,,
16:25.9,897166,120.6283386,8.475060931,
,,,,
16:25.9,901167,122.2281649,399.8566133,
,,,,
16:25.9,905166,123.7252128,374.3555752,
,,,,
16:25.9,909164,123.4240768,75.32165795,
,,,,
16:25.9,913165,124.6760246,312.9087058,
,,,,
16:25.9,918168,124.0212143,130.8835238,
,,,,
16:25.9,922166,125.5124992,373.0077223,
,,,,
16:25.9,926166,125.1685114,85.99695508,
,,,,
16:25.9,930166,125.9136938,186.2956049,
,,,,
16:25.9,934163,126.2827711,92.33858799,
,,,,
16:25.9,938166,124.9008948,345.2101677,
,,,,
16:25.9,943168,127.5181364,523.239029,
,,,,
16:25.9,947168,127.0596217,114.6286945,
,,,,
16:26.0,951167,126.4675774,148.0480743,
,,,,
16:26.0,955167,124.6512981,454.0698175,
,,,,
16:26.0,959166,124.2219429,107.3656433,
,,,,
16:26.0,963166,124.3632395,35.32413804,
,,,,
16:26.0,968166,127.1610336,559.5588256,
,,,,
16:26.0,972167,125.8240304,334.1672631,
,,,,
16:26.0,976168,127.0211244,299.1987073,
,,,,
16:26.0,980166,127.1138073,23.18231997,
,,,,
16:26.0,984165,125.5992684,378.7294206,
,,,,
16:26.0,988166,126.2225099,155.7714255,
,,,,
16:26.0,993167,124.7530866,293.8258766,
,,,,
16:26.0,997166,125.7939833,260.2892412,
,,,,
16:26.0,1167,126.3286802,0.536844764,
,,,,
16:26.0,5165,128.5519769,556.1022221,
,,,,
16:26.0,9168,126.7870318,440.9055905,
,,,,
16:26.0,13167,128.1037404,329.2594834,
,,,,
16:26.0,18165,126.874394,245.9676716,
,,,,
16:26.0,22166,131.8700522,1248.602406,
,,,,
16:26.0,26165,132.6537482,195.972972,
,,,,
16:26.0,30168,129.8717201,694.9857712,
,,,,
16:26.0,34165,130.8089528,234.4840284,
,,,,
16:26.0,38165,129.5429729,316.4949753,
,,,,
16:26.0,43168,125.4774211,812.6227873,
,,,,
16:26.0,47167,124.2332986,311.1083899,
,,,,
16:26.1,51166,123.1239003,277.4189301,
,,,,
16:26.1,55166,121.7145256,352.3436887,
,,,,
16:26.1,59164,123.3307386,404.2553874,
,,,,
16:26.1,63169,120.7068288,655.1584947,
,,,,
16:26.1,68166,123.0336342,465.6404538,
,,,,
16:26.1,72166,122.9522024,20.35793952,
,,,,
16:26.1,76166,125.3463848,598.545583,
,,,,
16:26.1,80167,123.1521057,548.4326537,
,,,,
16:26.1,84169,122.1558135,248.9485667,
,,,,
16:26.1,88678,122.606994,100.0622047,
,,,,
16:26.1,92691,119.6136453,745.912969,
,,,,
16:26.1,96690,121.5279592,478.6981481,
,,,,
16:26.1,100691,120.1780649,337.3892323,
,,,,
16:26.1,105692,121.463073,256.9502399,
,,,,
16:26.1,109692,120.9182257,136.2118348,
,,,,
16:26.1,113692,120.1939761,181.0623911,
,,,,
16:26.1,117692,123.405493,802.8792153,
,,,,
16:26.1,121693,122.3938495,252.8476525,
,,,,
16:26.1,125695,122.7183507,81.08475207,
,,,,
16:26.1,130692,122.8343903,23.22185795,
,,,,
16:26.1,134693,123.0061989,42.94141189,
,,,,
16:26.1,138692,126.4840121,869.6707166,
,,,,
16:26.1,142694,127.7477864,315.7856821,
,,,,
16:26.1,146691,126.8843632,216.0178219,
,,,,
16:26.2,150691,125.2203183,416.0112032,
,,,,
16:26.2,155696,127.0327621,362.1266271,
,,,,
16:26.2,159692,130.0123022,745.6306439,
,,,,
16:26.2,163692,128.1244808,471.9553412,
,,,,
16:26.2,167694,128.8687861,185.9833214,
,,,,
16:26.2,171692,129.7166682,212.0765866,
,,,,
16:26.2,176692,127.560055,431.3226588,
,,,,
16:26.2,180693,128.0090081,112.2102339,
,,,,
16:26.2,184693,128.1133702,26.09051695,
,,,,
16:26.2,188690,129.0099899,224.3231727,
,,,,
16:26.2,192691,128.0667186,235.7588902,
,,,,
16:26.2,196692,126.8971244,292.3254641,
,,,,
16:26.2,200691,125.6700703,306.840236,
,,,,
16:26.2,205693,127.5642047,378.6754058,
,,,,
16:26.2,209691,127.218802,86.39385371,
,,,,
16:26.2,213692,127.3092094,22.59618995,
,,,,
16:26.2,217692,128.0693984,190.0472469,
,,,,
16:26.2,221694,129.1694145,274.8665851,
,,,,
16:26.2,225695,127.4683261,425.1658031,
,,,,
16:26.2,230691,128.7062693,247.7868796,
,,,,
16:26.2,234691,126.9378245,442.1112163,
,,,,
16:26.2,238691,129.2507879,578.2408575,
,,,,
16:26.2,242691,128.9102782,85.12742305,
,,,,
16:26.2,246692,127.1263247,445.8768957,
,,,,
16:26.3,250691,127.6474672,130.3181931,
,,,,
16:26.3,255693,127.8208024,34.65318624,
,,,,
16:26.3,259691,125.6318202,547.51932,
,,,,
16:26.3,263693,128.5445126,727.809207,
,,,,
16:26.3,267692,130.1547191,402.652288,
,,,,
16:26.3,271691,129.729243,106.3956211,
,,,,
16:26.3,275693,127.7911605,484.2785054,
,,,,
16:26.3,280692,130.3632486,514.5205273,
,,,,
16:26.3,284694,130.0141759,87.22456683,
,,,,
16:26.3,288694,131.8271876,453.2529226,
,,,,
16:26.3,292692,130.1922957,408.9274261,
,,,,
16:26.3,296692,131.0669672,218.6678739,
,,,,
16:26.3,300692,129.5659921,375.2437779,
,,,,
16:26.3,305693,132.8586599,658.4018866,
,,,,
16:26.3,309694,130.0161187,710.4577027,
,,,,
16:26.3,313692,127.9898039,506.8321143,
,,,,
16:26.3,317692,127.8276091,40.54868972,
,,,,
16:26.3,321691,127.0059376,205.4692393,
,,,,
16:26.3,325692,128.1248656,279.6620685,
,,,,
16:26.3,330692,127.66323,92.32711941,
,,,,
16:26.3,334693,129.2464013,395.6939002,
,,,,
16:26.3,338693,127.4884686,439.4831538,
,,,,
16:26.3,342692,126.921454,141.789104,
,,,,
16:26.3,346694,130.1380637,803.7505393,
,,,,
16:26.4,350692,131.8281833,422.7412857,
,,,,
16:26.4,355693,131.7092835,23.77521761,
,,,,
16:26.4,359693,128.4520024,814.3202637,
,,,,
16:26.4,363691,132.0379512,896.9356692,
,,,,
16:26.4,367693,132.4502367,103.0198702,
,,,,
16:26.4,371694,131.7016583,187.0978315,
,,,,
16:26.4,375692,133.1327763,357.9584687,
,,,,
16:26.4,380693,131.0624909,413.9742748,
,,,,
16:26.4,384695,130.1380097,231.0047933,
,,,,
16:26.4,388696,130.6024872,116.0903527,
,,,,
16:26.4,392692,131.8678276,316.6517505,
,,,,
16:26.4,396692,130.540144,331.9209194,
,,,,
16:26.4,400692,132.2323357,423.0479229,
,,,,
16:26.4,405695,131.5400372,138.3766726,
,,,,
16:26.4,409691,133.5410771,500.760738,
,,,,
16:26.4,413691,131.3974989,535.8945544,
,,,,
16:26.4,417692,131.2668201,32.66152796,
,,,,
16:26.4,421692,128.2094078,764.3530712,
,,,,
16:26.4,425692,131.3853548,793.9867546,
,,,,
16:26.4,430695,126.7994969,916.6216101,
,,,,
16:26.4,434694,126.8619398,15.61463386,
,,,,
16:26.4,438691,125.2828288,395.0740577,
,,,,
16:26.4,442693,125.6648971,95.46932826,
,,,,
16:26.4,446690,127.0489085,346.2625557,
,,,,
16:26.5,450692,123.4504569,899.1633214,
,,,,
16:26.5,455697,127.1859029,746.3428699,
,,,,
16:26.5,459691,125.0406099,537.1289595,
,,,,
16:26.5,463692,124.9874326,13.29100668,
,,,,
16:26.5,467694,126.664633,419.0905699,
,,,,
16:26.5,471693,125.3538341,327.7816654,
,,,,
16:26.5,475691,127.7146821,590.5072503,
,,,,
16:26.5,480693,127.1369103,115.508154,
,,,,
16:26.5,484690,128.9609801,456.359721,
,,,,
16:26.5,488693,127.689722,317.5763581,
,,,,
16:26.5,492690,127.5828822,26.73000229,
,,,,
16:26.5,496691,127.8549018,67.98791922,
,,,,
16:26.5,500693,125.6611812,548.1560752,
,,,,
16:26.5,505694,127.2528902,318.2781357,
,,,,
16:26.5,509694,126.5066095,186.5701612,
,,,,
16:26.5,513693,126.0440196,115.6763904,
,,,,
16:26.5,517692,127.5107431,366.7725685,
,,,,
16:26.5,521693,125.6638096,461.6179725,
,,,,
16:26.5,525696,126.2758621,152.8984397,
,,,,
16:26.5,530691,126.6661072,78.12713819,
,,,,
16:26.5,534692,126.9988927,83.17559265,
,,,,
16:26.5,538692,127.7335264,183.6584307,
,,,,
16:26.5,542693,126.2568711,369.0715497,
,,,,
16:26.5,546691,125.8971986,89.96312749,
,,,,
16:26.6,550693,124.6895214,301.7684134,
,,,,
16:26.6,555692,126.6177807,385.7290073,
,,,,
16:26.6,559693,125.8287267,197.2141805,
,,,,
16:26.6,563691,129.0559769,807.2161371,
,,,,
16:26.6,567692,130.8964116,459.9936975,
,,,,
16:26.6,571693,131.3940714,124.383845,
,,,,
16:26.6,575691,133.9094419,629.1572074,
,,,,
16:26.6,580692,129.4803326,885.6447436,
,,,,
16:26.6,584692,130.4843198,250.9968208,
,,,,
16:26.6,588691,125.3351243,1287.620804,
,,,,
16:26.6,592691,126.8174729,370.5871552,
,,,,
16:26.6,596694,127.3989213,145.2531608,
,,,,
16:26.6,600692,125.7329433,416.7028347,
,,,,
16:26.6,605692,124.7495677,196.6751228,
,,,,
16:26.6,609693,123.8647545,221.1480097,
,,,,
16:26.6,613695,124.4311038,141.5165649,
,,,,
16:26.6,617693,124.5039689,18.22536776,
,,,,
16:26.6,621692,124.6088135,26.21772343,
,,,,
16:26.6,625690,121.9518784,664.5660599,
,,,,
16:26.6,630691,123.4404554,297.6558711,
,,,,
16:26.6,634690,123.6633656,55.7414875,
,,,,
16:26.6,638692,123.9138867,62.59896618,
,,,,
16:26.6,642692,123.0257048,222.0454756,
,,,,
16:26.6,646693,122.6087352,104.2163383,
,,,,
16:26.7,650691,122.6041755,1.140514142,
,,,,
16:26.7,655694,124.1926696,317.508328,
,,,,
16:26.7,659691,124.5163659,80.98481045,
,,,,
16:26.7,663691,124.9987879,120.6055068,
,,,,
16:26.7,667689,126.039643,260.3439286,
,,,,
16:26.7,671692,124.8111061,306.9040481,
,,,,
16:26.7,675692,125.0649971,63.4727669,
,,,,
16:26.7,680692,124.580001,96.99923496,
,,,,
16:26.7,684692,125.2512059,167.8012362,
,,,,
16:26.7,688693,126.7043534,363.1960847,
,,,,
16:26.7,692692,126.5007413,50.91576887,
,,,,
16:26.7,696693,127.9260404,356.2357324,
,,,,
16:26.7,700692,126.908769,254.38145,
,,,,
16:26.7,705694,128.3924015,296.6078621,
,,,,
16:26.7,709692,127.878018,128.6602043,
,,,,
16:26.7,713690,128.7764182,224.7124034,
,,,,
16:26.7,717692,125.2820475,873.1561189,
,,,,
16:26.7,721694,127.2779481,498.7258107,
,,,,
16:26.7,725693,127.8220597,136.0619075,
,,,,
16:26.7,730695,128.1539283,66.34717305,
,,,,
16:26.7,734692,130.5164404,591.0713353,
,,,,
16:26.7,738694,131.1756139,164.7110266,
,,,,
16:26.7,742692,131.067675,26.99824213,
,,,,
16:26.7,746694,130.6847306,95.68823866,
,,,,
16:26.8,750692,128.8045951,470.2690154,
,,,,
16:26.8,755692,126.704103,420.0984282,
,,,,
16:26.8,759691,128.0019041,324.5314259,
,,,,
16:26.8,763694,127.8836925,29.53076066,
,,,,
16:26.8,767694,127.1592494,181.1107833,
,,,,
16:26.8,771692,126.7877933,92.91048299,
,,,,
16:26.8,775692,125.246893,385.2250562,
,,,,
16:26.8,780693,126.0058364,151.7583218,
,,,,
16:26.8,784692,123.4191242,646.8397492,
,,,,
16:26.8,788697,124.3318634,227.8999255,
,,,,
16:26.8,792699,125.1675124,208.8078289,
,,,,
16:26.8,796695,126.2472389,270.2018424,
,,,,
16:26.8,800694,122.2813377,991.7232355,
,,,,
16:26.8,805692,125.6266274,669.3256614,
,,,,
16:26.8,809694,125.6649575,9.577752993,
,,,,
16:26.8,813691,125.025345,160.0231425,
,,,,
16:26.8,817692,126.6479867,405.5590316,
,,,,
16:26.8,822260,125.8306655,178.9232115,
,,,,
16:26.8,825780,125.8899972,16.85558894,
,,,,
16:26.8,830745,128.1475136,454.6860911,
,,,,
16:26.8,834746,126.3000161,461.7589376,
,,,,
16:26.8,838748,126.8259128,131.4084615,
,,,,
16:26.8,842750,127.0377301,52.92786561,
,,,,
16:26.8,846746,129.5420625,626.7098048,
,,,,
16:26.9,850747,127.5955957,486.4950769,
,,,,
16:26.9,855746,131.5017363,781.3843985,
,,,,
16:26.9,859747,130.0145146,371.712478,
,,,,
16:26.9,863747,134.4322495,1104.433717,
,,,,
16:26.9,867744,131.5442209,722.5490698,
,,,,
16:26.9,871748,130.736785,201.6573183,
,,,,
16:26.9,875746,131.2510818,128.6385328,
,,,,
16:26.9,880746,127.9786217,654.4920336,
,,,,
16:26.9,884744,131.0234021,761.5758956,
,,,,
16:26.9,888749,129.7136854,327.020406,
,,,,
16:26.9,892746,132.5006672,697.2684058,
,,,,
16:26.9,896745,131.5214325,244.8698791,
,,,,
16:26.9,900747,130.3807993,285.0158107,
,,,,
16:26.9,905746,132.0475993,333.426697,
,,,,
16:26.9,909748,130.1246112,480.5067738,
,,,,
16:26.9,913746,130.846914,180.6660199,
,,,,
16:26.9,917745,131.5551017,177.0912146,
,,,,
16:26.9,921745,131.1110323,111.0173668,
,,,,
16:26.9,925747,133.1898218,519.4376674,
,,,,
16:26.9,930747,130.4554495,546.8744527,
,,,,
16:26.9,934746,130.350837,26.15967269,
,,,,
16:26.9,938745,129.7962783,138.6743515,
,,,,
16:26.9,942747,128.7284012,266.8358461,
,,,,
16:26.9,946745,127.9442289,196.1411616,
,,,,
16:27.0,950745,126.9264751,254.4384518,
,,,,
16:27.0,955747,129.4828162,511.063812,
,,,,
16:27.0,959745,130.3586793,219.0752923,
,,,,
16:27.0,963745,129.8639499,123.682347,
,,,,
16:27.0,967745,128.4675446,349.1013234,
,,,,
16:27.0,971747,129.7015945,308.3582905,
,,,,
16:27.0,975745,129.6094823,23.03956482,
,,,,
16:27.0,980746,129.9298844,64.06760725,
,,,,
16:27.0,984744,127.5020196,607.2698209,
,,,,
16:27.0,988745,129.164728,415.5731931,
,,,,
16:27.0,992746,128.3061804,214.5832417,
,,,,
16:27.0,996745,129.1684908,215.6315085,
,,,,
16:27.0,746,128.5586078,0.612332937,
,,,,
16:27.0,5745,128.826458,53.5807406,
,,,,
16:27.0,9745,130.9691962,535.6845536,
,,,,
16:27.0,13746,129.2985908,417.5469524,
,,,,
16:27.0,17745,130.0334699,183.7657214,
,,,,
16:27.0,21745,131.9318195,474.5873928,
,,,,
16:27.0,25746,131.6731573,64.64939357,
,,,,
16:27.0,30748,131.5790783,18.80827985,
,,,,
16:27.0,34744,132.1536179,143.7786965,
,,,,
16:27.0,38259,132.7120183,158.8621222,
,,,,
16:27.0,43275,132.2328456,95.52884173,
,,,,
16:27.0,47273,132.6084283,93.94262594,
,,,,
16:27.1,51277,128.2575341,1086.636911,
,,,,
16:27.1,55278,130.2462086,497.0443674,
,,,,
16:27.1,59275,132.8680084,655.9419151,
,,,,
16:27.1,63275,131.2068246,415.2959532,
,,,,
16:27.1,68276,133.3570294,429.9549667,
,,,,
16:27.1,72274,133.1696719,46.86279233,
,,,,
16:27.1,76273,133.3278641,39.55793195,
,,,,
16:27.1,80277,132.4898017,209.3062917,
,,,,
16:27.1,84274,130.649146,460.5093002,
,,,,
16:27.1,88275,124.9958151,1412.979494,
,,,,
,,,,
,,,,
16:27.1,101276,129.8492232,308.3322259,
,,,,
16:27.1,105273,131.9911337,535.8795473,
,,,,
16:27.1,109273,133.1412483,287.5286594,
,,,,
16:27.1,113272,134.4245692,320.9104403,
,,,,
16:27.1,118274,130.9511818,694.3997214,
,,,,
16:27.1,122273,131.9688729,254.4864122,
,,,,
16:27.1,126277,132.7622085,198.135753,
,,,,
16:27.1,130276,129.8879102,718.7542535,
,,,,
16:27.1,134273,126.5878581,825.6322484,
,,,,
16:27.1,138273,126.0087331,144.781254,
,,,,
16:27.1,143273,130.1296381,824.1809983,
,,,,
16:27.1,147274,131.5534613,355.8668188,
,,,,
16:27.2,151274,129.5535993,499.9654902,
,,,,
16:27.2,155278,129.2696064,70.92729005,
,,,,
16:27.2,159274,128.5985538,167.9310931,
,,,,
16:27.2,163274,128.0574035,135.2875688,
,,,,
16:27.2,168274,128.027753,5.930110926,
,,,,
16:27.2,172275,126.554887,368.1244695,
,,,,
16:27.2,176274,128.2980357,435.8961552,
,,,,
16:27.2,180277,127.6073586,172.5398763,
,,,,
16:27.2,184273,126.7151052,223.2866365,
,,,,
16:27.2,188273,129.1734397,614.5836469,
,,,,
16:27.2,193274,127.9382561,246.9873261,
,,,,
16:27.2,196813,129.4560393,428.8734472,
,,,,
16:27.2,201338,129.756376,66.37277025,
,,,,
16:27.2,205338,129.3270463,107.3324465,
,,,,
16:27.2,209340,130.17703,212.389743,
,,,,
16:27.2,213340,127.8704206,576.6523569,
,,,,
16:27.2,217341,127.5211798,87.28838055,
,,,,
16:27.2,222340,128.0060296,96.98937319,
,,,,
16:27.2,226339,128.452409,111.6227471,
,,,,
16:27.2,230344,126.209368,560.0601762,
,,,,
16:27.2,234340,125.2141006,249.0659153,
,,,,
16:27.2,238339,129.2135684,1000.116985,
,,,,
16:27.2,242338,124.2007978,1253.506038,
,,,,
16:27.2,247340,127.1365332,586.912321,
,,,,
16:27.3,251337,126.8132374,80.88462172,
,,,,
16:27.3,255341,127.4845782,167.6675297,
,,,,
16:27.3,259340,130.5466473,765.7087122,
,,,,
16:27.3,263339,127.469285,769.5329586,
,,,,
16:27.3,267342,128.836434,341.5311057,
,,,,
16:27.3,272340,127.2830307,310.8049804,
,,,,
16:27.3,276339,127.6254285,85.62084547,
,,,,
16:27.3,280339,127.0194374,151.4977836,
,,,,
16:27.3,284338,126.3958008,155.9481149,
,,,,
16:27.3,288339,128.3917205,498.8551995,
,,,,
16:27.3,292339,127.3938687,249.4629448,
,,,,
16:27.3,297339,130.3769182,596.6098914,
,,,,
16:27.3,301339,130.8803383,125.8550204,
,,,,
16:27.3,305340,132.2495646,342.2210393,
,,,,
16:27.3,309340,130.1542314,523.8333147,
,,,,
16:27.3,313339,128.6284489,381.5409972,
,,,,
16:27.3,317339,130.6395831,502.7835405,
,,,,
16:27.3,322340,129.3145552,264.9525786,
,,,,
16:27.3,326338,128.0685802,311.6495795,
,,,,
16:27.3,330341,128.1027435,8.534423519,
,,,,
16:27.3,334340,126.2884115,453.6964179,
,,,,
16:27.3,338339,127.4089654,280.2085068,
,,,,
16:27.3,342339,128.7474858,334.6300978,
,,,,
16:27.3,347339,129.152568,81.01643878,
,,,,
16:27.4,351339,128.3528044,199.9408774,
,,,,
16:27.4,355339,129.6455246,323.1800345,
,,,,
16:27.4,359340,128.9205673,181.1940276,
,,,,
16:27.4,363339,130.4500717,382.4717128,
,,,,
16:27.4,367339,129.6993571,187.6786277,
,,,,
16:27.4,372340,129.8933033,38.78147294,
,,,,
16:27.4,376339,130.3496025,114.1033303,
,,,,
16:27.4,380338,128.7282488,405.4397986,
,,,,
16:27.4,384340,127.5761792,287.8734477,
,,,,
16:27.4,388339,126.7439773,208.1025013,
,,,,
16:27.4,392339,125.2353136,377.1659361,
,,,,
16:27.4,397340,125.5416243,61.24989672,
,,,,
16:27.4,401339,126.0915744,137.5219134,
,,,,
16:27.4,405339,126.7325983,160.2559648,
,,,,
16:27.4,409338,124.948833,446.0528434,
,,,,
16:27.4,413337,125.4862383,134.3849399,
,,,,
16:27.4,417339,125.8292698,85.71501527,
,,,,
16:27.4,422340,126.2616288,86.45450962,
,,,,
16:27.4,426339,125.1278074,283.5262453,
,,,,
16:27.4,430337,126.1075568,245.0598941,
,,,,
16:27.4,434340,127.5433667,358.6834533,
,,,,
16:27.4,438341,127.6298358,21.61186618,
,,,,
16:27.4,442340,126.6880249,235.511599,
,,,,
16:27.4,447340,126.8834451,39.08404694,
,,,,
16:27.5,451339,128.4426608,389.9013987,
,,,,
16:27.5,455339,126.7271555,428.8763205,
,,,,
16:27.5,459340,127.0845648,89.32998233,
,,,,
16:27.5,463340,126.0256877,264.7192865,
,,,,
16:27.5,467339,124.3082612,429.463969,
,,,,
16:27.5,472344,125.8799875,314.0312267,
,,,,
16:27.5,476339,123.889514,498.241175,
,,,,
16:27.5,480339,124.8427256,238.3028907,
,,,,
16:27.5,484338,123.9796097,215.8329251,
,,,,
16:27.5,488339,123.5750692,101.109845,
,,,,
16:27.5,492339,122.5732108,250.4646192,
,,,,
16:27.5,497339,123.837881,252.9340554,
,,,,
16:27.5,501338,124.862896,256.3178218,
,,,,
16:27.5,505341,123.0061297,463.8437059,
,,,,
16:27.5,509340,124.7205598,428.714713,
,,,,
16:27.5,513337,124.6974948,5.770570227,
,,,,
16:27.5,517337,125.2927713,148.8191209,
,,,,
16:27.5,522340,124.0650935,245.3883356,
,,,,
16:27.5,526337,123.9992749,16.46700275,
,,,,
16:27.5,530340,124.1233233,30.98887113,
,,,,
16:27.5,534339,126.5517432,607.2567855,
,,,,
16:27.5,538338,126.2300779,80.43642707,
,,,,
16:27.5,542340,125.9352396,73.67274053,
,,,,
16:27.5,547339,127.3998983,292.9903421,
,,,,
16:27.6,551338,127.0639613,84.00526477,
,,,,
16:27.6,555341,124.4133519,662.1557236,
,,,,
16:27.6,559341,123.0724952,335.2141864,
,,,,
16:27.6,563339,124.4826946,352.726212,
,,,,
16:27.6,567341,126.0621907,394.6767053,
,,,,
16:27.6,572340,128.7240528,532.4789082,
,,,,
16:27.6,576339,126.1327879,647.9782258,
,,,,
16:27.6,580343,127.6056752,367.853964,
,,,,
16:27.6,584339,129.9332362,582.4727403,
,,,,
16:27.6,588340,128.358158,393.6711455,
,,,,
16:27.6,592339,126.8078188,387.6817084,
,,,,
16:27.6,597339,126.8055566,0.452453036,
,,,,
16:27.6,601337,130.3585545,888.6938342,
,,,,
16:27.6,605338,129.360065,249.5599987,
,,,,
16:27.6,609341,130.9059712,386.1869162,
,,,,
16:27.6,613341,129.80729,274.6702977,
,,,,
16:27.6,617338,131.121438,328.783581,
,,,,
16:27.6,622340,131.1099523,2.296207655,
,,,,
16:27.6,626339,130.1204655,247.4335717,
,,,,
16:27.6,630340,131.2293328,277.1475537,
,,,,
16:27.6,634339,129.6955413,383.5437771,
,,,,
16:27.6,638341,128.7265299,242.1317815,
,,,,
16:27.6,642340,130.1779794,362.9531146,
,,,,
,,,,
,,,,
16:27.7,655339,129.2053945,254.6410056,
,,,,
16:27.7,659342,126.6013878,650.5137946,
,,,,
16:27.7,663339,124.9613127,410.3265113,
,,,,
16:27.7,667341,124.6753071,71.46566772,
,,,,
16:27.7,672341,125.4877224,162.4830503,
,,,,
16:27.7,676339,125.7565318,67.23596738,
,,,,
16:27.7,680337,125.4973958,64.81640647,
,,,,
16:27.7,684338,123.1670005,582.4532015,
,,,,
16:27.7,688340,123.7239938,139.1787377,
,,,,
16:27.7,693341,125.7248698,400.0951771,
,,,,
16:27.7,697341,124.64469,270.0449433,
,,,,
16:27.7,701339,125.7322343,272.0220682,
,,,,
16:27.7,705342,124.6721488,264.8227409,
,,,,
16:27.7,709340,127.8476546,794.2735855,
,,,,
16:27.7,713344,125.4710724,593.5520152,
,,,,
16:27.7,717339,125.733787,65.76087207,
,,,,
16:27.7,722340,129.6741097,787.906956,
,,,,
16:27.7,726339,128.1965743,369.4762282,
,,,,
16:27.7,730339,132.9392115,1185.659293,
,,,,
16:27.7,734340,127.4080015,1382.456874,
,,,,
16:27.7,738342,132.2543411,1210.979418,
,,,,
16:27.7,743339,131.9956517,51.76894283,
,,,,
16:27.7,747343,130.7773811,304.2634035,
,,,,
16:27.8,751339,129.3436493,358.7917337,
,,,,
16:27.8,755340,128.3555382,246.9660239,
,,,,
16:27.8,759339,130.7352196,595.0690966,
,,,,
16:27.8,763339,130.9514194,54.04995114,
,,,,
16:27.8,767340,131.5049785,138.3551955,
,,,,
16:27.8,772340,132.1958565,138.1755931,
,,,,
16:27.8,776340,132.0599023,33.98853781,
,,,,
16:27.8,780339,132.1889662,32.27405309,
,,,,
16:27.8,784340,129.7539558,608.6004651,
,,,,
16:27.8,788338,130.6685812,228.770726,
,,,,
16:27.8,792338,128.184427,621.0385452,
,,,,
16:27.8,797338,123.2534821,986.1889829,
,,,,
16:27.8,801339,125.3839639,532.4873461,
,,,,
16:27.8,805341,125.3930817,2.278291449,
,,,,
16:27.8,809339,123.814586,394.8213202,
,,,,
16:27.8,813338,126.9772894,790.8735739,
,,,,
16:27.8,817338,125.1808853,449.101038,
,,,,
16:27.8,822340,127.5713153,477.8948537,
,,,,
16:27.8,826339,124.1785795,848.396056,
,,,,
16:27.8,830342,125.725011,386.3181456,
,,,,
16:27.8,834338,125.6644654,15.15156619,
,,,,
16:27.8,838339,124.348487,328.9123632,
,,,,
16:27.8,843339,125.9354887,317.4003264,
,,,,
16:27.8,847338,125.2365122,174.7878151,
,,,,
16:27.9,851342,124.4141011,205.3973778,
,,,,
16:27.9,855342,124.5094623,23.84031387,
,,,,
16:27.9,859339,123.248882,315.3816144,
,,,,
16:27.9,863339,125.2788439,507.4904708,
,,,,
16:27.9,867339,124.9115303,91.82841022,
,,,,
16:27.9,872339,124.8944757,3.410905398,
,,,,
16:27.9,876339,125.5738915,169.8539386,
,,,,
16:27.9,880340,124.8416627,183.0114579,
,,,,
16:27.9,884340,124.7940007,11.91548635,
,,,,
16:27.9,888339,124.1137345,170.1090688,
,,,,
16:27.9,892341,125.4190225,326.158908,
,,,,
16:27.9,897341,125.6074609,37.68768992,
,,,,
16:27.9,901338,123.9723687,409.0798619,
,,,,
16:27.9,905341,123.6501173,80.50248356,
,,,,
16:27.9,909339,123.0711075,144.8248694,
,,,,
16:27.9,913340,128.1040998,1257.933604,
,,,,
16:27.9,917339,124.9089489,798.9874702,
,,,,
16:27.9,922343,126.3826703,294.5086628,
,,,,
16:27.9,926344,124.8885181,373.4446863,
,,,,
16:27.9,930338,126.0000487,278.3001042,
,,,,
16:27.9,934338,125.11309,221.7396736,
,,,,
16:27.9,938338,128.6428068,882.4292065,
,,,,
16:27.9,942339,128.1025533,135.029614,
,,,,
16:27.9,947342,129.6353869,306.3828918,
,,,,
16:28.0,951340,128.4756495,290.079408,
,,,,
16:28.0,955340,129.4760268,250.0943436,
,,,,
16:28.0,959337,130.1285912,163.2635338,
,,,,
16:28.0,963341,129.6796036,112.1347585,
,,,,
16:28.0,967338,127.5356217,536.397775,
,,,,
16:28.0,972341,130.1324459,519.0534066,
,,,,
16:28.0,976341,131.1391913,251.6863581,
,,,,
16:28.0,980339,128.0175413,780.8029087,
,,,,
16:28.0,984340,129.8703562,463.087958,
,,,,
16:28.0,988340,127.5718947,574.6153895,
,,,,
16:28.0,992342,127.1723664,99.83215699,
,,,,
16:28.0,997343,126.3732873,159.7838682,
,,,,
16:28.0,1343,124.9694849,1.409440116,
,,,,
16:28.0,5340,125.976601,251.9679969,
,,,,
16:28.0,9338,125.3447788,158.0345577,
,,,,
16:28.0,13339,130.5896484,1310.889674,
,,,,
16:28.0,17337,126.8565639,933.7379933,
,,,,
16:28.0,22341,126.9474358,18.15985604,
,,,,
16:28.0,26339,124.7541526,548.5951055,
,,,,
16:28.0,30338,128.6458024,973.1557454,
,,,,
16:28.0,34341,122.7865564,1463.713723,
,,,,
16:28.0,38340,124.2764479,372.5660094,
,,,,
16:28.0,42341,124.9573201,170.1755218,
,,,,
16:28.0,47341,123.6091801,269.6280052,
,,,,
16:28.1,51339,123.8532151,61.03927942,
,,,,
16:28.1,55341,121.6538778,549.5595486,
,,,,
16:28.1,59340,124.2452122,647.9955822,
,,,,
16:28.1,63340,122.2233435,505.4671651,
,,,,
16:28.1,67339,123.7233121,375.0859208,
,,,,
16:28.1,72342,125.8143301,417.952833,
,,,,
16:28.1,76340,124.8473267,241.8718022,
,,,,
16:28.1,80338,125.1204877,68.32443472,
,,,,
16:28.1,84339,128.9403865,954.7360145,
,,,,
16:28.1,88339,125.7121028,807.0709459,
,,,,
16:28.1,92340,124.3029275,352.2057733,
,,,,
16:28.1,97339,126.5422647,447.9570457,
,,,,
16:28.1,101339,125.0835835,364.6703044,
,,,,
16:28.1,105342,127.0399657,488.7289968,
,,,,
16:28.1,109340,128.1121704,268.185263,
,,,,
16:28.1,113340,128.9362401,206.0174259,
,,,,
16:28.1,117337,131.9026346,742.1552403,
,,,,
16:28.1,122342,130.5336807,273.5172519,
,,,,
16:28.1,126340,128.2375706,574.3146842,
,,,,
16:28.1,130340,129.0173193,194.9371722,
,,,,
16:28.1,134341,129.0894902,18.03822164,
,,,,
16:28.1,138339,132.6521778,891.117446,
,,,,
16:28.1,142339,128.0055734,1161.651083,
,,,,
16:28.1,147340,129.0984558,218.5327647,
,,,,
16:28.2,151339,129.2149205,29.12344763,
,,,,
16:28.2,155340,130.56706,337.9504078,
,,,,
16:28.2,159338,129.9876331,144.9291934,
,,,,
16:28.2,163341,127.6844654,575.3604146,
,,,,
16:28.2,168341,129.5756138,378.229685,
,,,,
16:28.2,172344,127.807498,441.6976695,
,,,,
16:28.2,176342,130.5546475,687.1309202,
,,,,
16:28.2,180342,128.3400276,553.6549711,
,,,,
16:28.2,184341,129.7812905,360.4058201,
,,,,
16:28.2,188341,128.4892328,323.0144098,
,,,,
16:28.2,192343,129.5254143,258.9159252,
,,,,
16:28.2,197340,127.7367173,357.954178,
,,,,
16:28.2,201342,128.6387406,225.3931205,
,,,,
16:28.2,205340,128.2587113,95.05483912,
,,,,
16:28.2,209340,130.637646,594.7336604,
,,,,
16:28.2,213341,130.0937168,135.9483201,
,,,,
16:28.2,217340,131.8440795,437.7001186,
,,,,
16:28.2,222344,129.5831941,451.8156245,
,,,,
16:28.2,226342,128.677307,226.5850803,
,,,,
16:28.2,230341,129.7730148,273.9954605,
,,,,
16:28.2,234339,129.3183858,113.7141279,
,,,,
16:28.2,238341,131.910081,647.600004,
,,,,
16:28.2,242340,133.0295093,279.9270719,
,,,,
16:28.2,247343,132.6086323,84.12493368,
,,,,
16:28.3,251341,129.1262979,871.0191048,
,,,,
16:28.3,255339,129.9578308,207.9872113,
,,,,
16:28.3,259339,127.7442217,553.4022619,
,,,,
16:28.3,263338,130.5760851,708.142877,
,,,,
16:28.3,267338,129.4178808,289.551064,
,,,,
16:28.3,272340,129.6391943,44.24500276,
,,,,
16:28.3,276339,130.974712,333.9628986,
,,,,
16:28.3,280339,131.1762649,50.38821956,
,,,,
16:28.3,284340,129.0071615,542.1402964,
,,,,
16:28.3,288340,130.3566467,337.371302,
,,,,
16:28.3,292339,128.0858891,567.8313632,
,,,,
16:28.3,297338,127.470531,123.0962329,
,,,,
16:28.3,301338,129.9997402,632.302293,
,,,,
16:28.3,305339,128.5033514,374.0037047,
,,,,
16:28.3,309343,127.9230544,144.929315,
,,,,
16:28.3,313341,127.3635958,139.9346118,
,,,,
16:28.3,317341,126.9363309,106.8162457,
,,,,
16:28.3,322340,126.9444822,1.630588472,
,,,,
16:28.3,326339,127.630826,171.6288693,
,,,,
16:28.3,330338,126.1703724,365.2047076,
,,,,
16:28.3,334338,129.3626156,798.0608043,
,,,,
16:28.3,338341,128.6515011,177.6453882,
,,,,
16:28.3,342341,130.8750097,555.8771551,
,,,,
16:28.3,347338,128.8303407,409.179316,
,,,,
16:28.4,351338,132.6013906,942.7624717,
,,,,
16:28.4,355342,133.1323257,132.6011696,
,,,,
16:28.4,359339,133.6132128,120.3120279,
,,,,
16:28.4,363339,131.6738427,484.8425392,
,,,,
16:28.4,367339,129.0927709,645.2679473,
,,,,
16:28.4,372341,128.8747997,43.57679919,
,,,,
16:28.4,376340,128.7265597,37.06927655,
,,,,
16:28.4,380340,127.1090896,404.3675294,
,,,,
16:28.4,384340,126.1234811,246.4021205,
,,,,
16:28.4,388340,127.067487,236.0014785,
,,,,
16:28.4,393343,130.1275097,611.6375533,
,,,,
16:28.4,397338,133.5645059,860.3244519,
,,,,
16:28.4,401342,133.9314979,91.65634284,
,,,,
16:28.4,405340,132.5087531,355.8641409,
,,,,
16:28.4,409340,132.8229903,78.55932011,
,,,,
16:28.4,413340,130.8365249,496.6163634,
,,,,
16:28.4,417339,130.219618,154.2652823,
,,,,
16:28.4,422340,131.9016866,336.3464528,
,,,,
16:28.4,426340,130.5651615,334.1312719,
,,,,
16:28.4,430340,130.4438799,30.32040673,
,,,,
16:28.4,434341,128.4159459,506.856777,
,,,,
16:28.4,438340,127.964292,112.9417277,
,,,,
16:28.4,443341,127.21393,150.042385,
,,,,
16:28.4,447338,127.0866986,31.83171589,
,,,,
16:28.5,451341,127.5999521,128.2172045,
,,,,
16:28.5,455340,127.862825,65.73465329,
,,,,
16:28.5,459338,126.3254567,384.5343434,
,,,,
16:28.5,463342,128.696351,592.1314371,
,,,,
16:28.5,467340,126.7383323,489.7495337,
,,,,
16:28.5,472339,129.3596761,524.3736335,
,,,,
16:28.5,476339,126.8578826,625.4483771,
,,,,
16:28.5,480337,125.8270848,257.8283572,
,,,,
16:28.5,484337,129.4682488,910.2909907,
,,,,
16:28.5,488339,126.840239,656.6741093,
,,,,
16:28.5,492341,127.7502333,227.3848729,
,,,,
16:28.5,497341,130.4023264,530.4186187,
,,,,
16:28.5,501339,131.4841516,270.5916047,
,,,,
16:28.5,505340,129.0765699,601.7449985,
,,,,
16:28.5,509342,129.7680572,172.7854424,
,,,,
16:28.5,513343,129.2254919,135.6074174,
,,,,
16:28.5,517338,128.0117993,303.8029221,
,,,,
16:28.5,522341,131.4308073,683.3915757,
,,,,
16:28.5,526340,128.3467117,771.2166986,
,,,,
16:28.5,530339,130.1369055,447.660356,
,,,,
16:28.5,534341,129.4450523,172.876859,
,,,,
16:28.5,538338,129.5723809,31.85604347,
,,,,
16:28.5,542338,127.2731474,574.8083825,
,,,,
16:28.5,547341,127.5851888,62.37086907,
,,,,
16:28.6,551339,126.4964835,272.3124912,
,,,,
16:28.6,555339,125.5943749,225.5271532,
,,,,
16:28.6,559341,126.4631768,217.091937,
,,,,
16:28.6,563338,126.4369131,6.570862056,
,,,,
16:28.6,567338,123.4261753,752.6844357,
,,,,
16:28.6,572343,126.4794414,610.0431783,
,,,,
16:28.6,576339,125.8184365,165.416642,
,,,,
16:28.6,580337,126.1503259,83.01383845,
,,,,
16:28.6,584337,124.8530668,324.314774,
,,,,
16:28.6,588343,123.0772917,443.278838,
,,,,
16:28.6,592339,123.7967944,180.055723,
,,,,
16:28.6,597338,125.2090381,282.505241,
,,,,
16:28.6,601337,127.3198513,527.8352562,
,,,,
16:28.6,605341,127.8117411,122.8496008,
,,,,
16:28.6,609339,129.0768213,316.4282567,
,,,,
16:28.6,613341,126.9318719,535.9693498,
,,,,
16:28.6,617337,127.0637721,33.00803528,
,,,,
16:28.6,622341,127.1799501,23.21704094,
,,,,
16:28.6,626339,129.9679769,697.3553811,
,,,,
16:28.6,630339,132.0307029,515.6814829,
,,,,
16:28.6,634344,132.2071883,44.06628107,
,,,,
16:28.6,638340,133.6749292,367.3025238,
,,,,
16:28.6,642339,133.5108244,41.03646113,
,,,,
16:28.6,647343,132.1067149,280.5974305,
,,,,
16:28.7,651340,132.2844467,44.46631127,
,,,,
16:28.7,655345,133.0505178,191.278682,
,,,,
16:28.7,659339,133.1037239,13.32150532,
,,,,
16:28.7,663341,132.8524157,62.79565933,
,,,,
16:28.7,667340,131.2463684,401.6122145,
,,,,
16:28.7,672344,130.9175402,65.7130735,
,,,,
16:28.7,676340,132.0715792,288.7985414,
,,,,
16:28.7,680338,129.9650218,526.9027902,
,,,,
16:28.7,684339,129.6985459,66.60233185,
,,,,
16:28.7,688340,125.6752138,1005.581629,
,,,,
16:28.7,693341,129.4736271,759.5307512,
,,,,
16:28.7,697338,126.8930398,645.6310465,
,,,,
16:28.7,701340,127.6243189,182.7284155,
,,,,
16:28.7,705339,126.1413623,370.8318553,
,,,,
16:28.7,709340,125.9349725,51.5845652,
,,,,
16:28.7,713337,127.1845449,312.6275785,
,,,,
16:28.7,717343,125.2494474,483.0498157,
,,,,
16:28.7,722343,126.3636538,222.8412945,
,,,,
16:28.7,726340,126.4725914,27.25483162,
,,,,
16:28.7,730340,125.6604856,203.0264586,
,,,,
16:28.7,734339,123.2766592,596.1056195,
,,,,
16:28.7,738339,125.1492301,468.1427362,
,,,,
16:28.7,742339,122.7144222,608.7019958,
,,,,
16:28.7,747339,119.6690281,609.0788129,
,,,,
16:28.8,751340,124.2299149,1139.936715,
,,,,
16:28.8,755341,126.3298601,524.8550991,
,,,,
16:28.8,759340,125.9969496,83.24844418,
,,,,
16:28.8,763342,127.3452668,336.9108412,
,,,,
16:28.8,767343,126.599068,186.5030729,
,,,,
16:28.8,772340,127.9759013,275.5319734,
,,,,
16:28.8,776343,129.8852386,476.9765917,
,,,,
16:28.8,780339,130.3812204,124.1195774,
,,,,
16:28.8,784340,133.7963629,853.5722258,
,,,,
16:28.8,788340,131.3581665,609.5490887,
,,,,
16:28.8,792343,134.4902929,782.4447635,
,,,,
16:28.8,797340,128.8565554,1127.423962,
,,,,
16:28.8,801338,126.7900716,516.8793753,
,,,,
16:28.8,805339,129.3051014,628.6002943,
,,,,
16:28.8,809343,131.2892477,495.541021,
,,,,
16:28.8,813340,126.8561654,1109.102401,
,,,,
16:28.8,817337,128.5445277,422.4074015,
,,,,
16:28.8,822340,131.2450063,539.7718449,
,,,,
16:28.8,826346,131.5036551,64.56535894,
,,,,
16:28.8,830342,129.6998131,451.4119211,
,,,,
16:28.8,834339,130.0590622,89.87968338,
,,,,
16:28.8,838339,130.8843907,206.3321409,
,,,,
16:28.8,843343,134.6115904,744.8440675,
,,,,
16:28.8,847341,126.8284279,1946.764022,
,,,,
16:28.9,851341,129.3246249,624.0492547,
,,,,
16:28.9,855340,130.4127916,272.1097065,
,,,,
16:28.9,859339,131.2150959,200.6262242,
,,,,
16:28.9,863340,133.7826398,641.725556,
,,,,
16:28.9,867337,132.139068,411.2013605,
,,,,
16:28.9,872338,129.8200415,463.7125514,
,,,,
16:28.9,876340,130.0672202,61.76379284,
,,,,
16:28.9,880342,129.2728971,198.4815316,
,,,,
16:28.9,884340,131.0095118,434.3708488,
,,,,
16:28.9,888340,129.590717,354.6986872,
,,,,
16:28.9,892340,133.3265326,933.9538813,
,,,,
16:28.9,897339,132.8922252,86.87884427,
,,,,
16:28.9,901340,134.5022899,402.4155765,
,,,,
16:28.9,905340,132.7209487,445.3353076,
,,,,
16:28.9,909339,135.4556798,683.8537406,
,,,,
16:28.9,913338,132.3485205,776.9840716,
,,,,
16:28.9,917340,135.2906192,735.1570968,
,,,,
16:28.9,922339,132.4161785,575.0031454,
,,,,
16:28.9,926343,131.9205076,123.7939278,
,,,,
16:28.9,930339,132.5001664,145.0597652,
,,,,
16:28.9,934342,130.005523,623.1934542,
,,,,
16:28.9,938340,132.1846122,545.0448174,
,,,,
16:28.9,942339,127.9725722,1053.273327,
,,,,
16:28.9,947338,129.4605128,297.6476455,
,,,,
16:29.0,951338,129.9086741,112.0403394,
,,,,
16:29.0,955340,130.0406321,32.97301618,
,,,,
16:29.0,959338,130.7954372,188.7956548,
,,,,
16:29.0,963338,130.711234,21.05078429,
,,,,
16:29.0,967337,130.0127776,174.6577815,
,,,,
16:29.0,972341,129.2489623,152.6409459,
,,,,
16:29.0,976338,131.6749939,606.9631378,
,,,,
16:29.0,980338,131.1023277,143.1665516,
,,,,
16:29.0,984341,131.6557022,138.2399311,
,,,,
16:29.0,988339,130.9993534,164.1692846,
,,,,
16:29.0,992340,128.8152804,545.8817672,
,,,,
16:29.0,997338,129.2120015,79.37597497,
,,,,
16:29.0,1341,128.9201385,0.293036098,
,,,,
16:29.0,5339,129.126683,51.66196353,
,,,,
16:29.0,9339,127.6427592,370.9809552,
,,,,
16:29.0,13340,130.0614278,604.51603,
,,,,
16:29.0,17339,128.0077929,513.5371023,
,,,,
16:29.0,22341,130.3987575,478.0017185,
,,,,
16:29.0,26340,128.219997,544.8263325,
,,,,
16:29.0,30339,130.7311108,627.9354325,
,,,,
16:29.0,34340,129.4628631,316.9826747,
,,,,
16:29.0,38339,128.6310563,208.0037063,
,,,,
16:29.0,42341,127.2563785,343.4976945,
,,,,
16:29.0,47340,129.1198374,372.766333,
,,,,
16:29.1,51340,132.5176916,849.4635309,
,,,,
16:29.1,55341,130.0905909,606.623506,
,,,,
16:29.1,59340,131.2740474,295.938115,
,,,,
16:29.1,63339,131.8418953,141.9974688,
,,,,
16:29.1,67341,132.0995354,64.37782773,
,,,,
16:29.1,72340,130.2936037,361.2585835,
,,,,
16:29.1,76341,129.8384315,113.764613,
,,,,
16:29.1,80341,129.1418174,174.1535288,
,,,,
16:29.1,84338,129.4367337,73.78441984,
,,,,
16:29.1,88339,130.7399536,325.7235345,
,,,,
16:29.1,92341,128.9586926,445.0926874,
,,,,
16:29.1,97338,129.6848085,145.3103676,
,,,,
16:29.1,101340,130.4784313,198.3065344,
,,,,
16:29.1,105341,130.0199705,114.5865495,
,,,,
16:29.1,109339,130.8471971,206.9101095,
,,,,
16:29.1,113338,129.8808509,241.6469676,
,,,,
16:29.1,117338,131.4994366,404.6464152,
,,,,
16:29.1,122340,127.6947909,760.6248821,
,,,,
16:29.1,126338,126.5290109,291.5907968,
,,,,
16:29.1,130339,130.8811481,1087.762359,
,,,,
16:29.1,134340,135.2034012,1080.293205,
,,,,
16:29.1,138339,132.8827294,580.3130255,
,,,,
16:29.1,142338,131.6969461,296.5199561,
,,,,
16:29.1,147340,127.2864801,881.7405043,
,,,,
16:29.2,151339,129.3651619,519.8003921,
,,,,
16:29.2,155343,130.4257164,264.873764,
,,,,
16:29.2,159341,127.3667592,765.1218696,
,,,,
16:29.2,163339,128.5692975,300.7849716,
,,,,
16:29.2,167337,128.4486016,30.18906248,
,,,,
16:29.2,172338,130.7175609,453.7011046,
,,,,
16:29.2,176340,126.2924379,1105.727875,
,,,,
16:29.2,180341,128.0709191,444.5091775,
,,,,
16:29.2,184339,126.3112965,440.1257105,
,,,,
16:29.2,188341,125.4006734,227.5420139,
,,,,
16:29.2,193340,128.0705136,534.0748485,
,,,,
16:29.2,197339,125.1308997,735.0872326,
,,,,
16:29.2,201338,125.3366265,51.44456335,
,,,,
16:29.2,205339,125.1124648,56.02642595,
,,,,
16:29.2,209340,126.4902652,344.3640067,
,,,,
16:29.2,213340,127.4083043,229.5097737,
,,,,
16:29.2,217340,127.247952,40.0880768,
,,,,
16:29.2,222341,126.8289842,83.77680565,
,,,,
16:29.2,226338,126.4727749,89.11915872,
,,,,
16:29.2,230338,125.8891812,145.8984304,
,,,,
16:29.2,234339,126.3852746,123.9923465,
,,,,
16:29.2,238338,127.1607479,193.9168208,
,,,,
16:29.2,242342,126.680301,119.9917501,
,,,,
16:29.2,247341,132.8514778,1234.482262,
,,,,
16:29.3,251340,123.0700563,2445.966855,
,,,,
16:29.3,255341,127.1993038,1032.053846,
,,,,
16:29.3,259338,132.7998929,1401.198172,
,,,,
16:29.3,263342,125.3643414,1857.030836,
,,,,
16:29.3,267339,130.7575028,1349.302323,
,,,,
16:29.3,272340,130.4822338,55.04279157,
,,,,
16:29.3,276339,130.0874119,98.73015828,
,,,,
16:29.3,280339,129.8266656,65.18656553,
,,,,
16:29.3,284340,128.7695226,264.2197019,
,,,,
16:29.3,288340,127.0797304,422.4480569,
,,,,
16:29.3,292339,126.638381,110.3649359,
,,,,
16:29.3,297341,128.4633138,364.8406316,
,,,,
16:29.3,301338,128.7559102,73.20400081,
,,,,
16:29.3,305340,128.198055,139.3941095,
,,,,
16:29.3,309340,128.9568621,189.7017874,
,,,,
16:29.3,313339,128.1654638,197.8990577,
,,,,
16:29.3,317343,129.6637588,374.1995522,
,,,,
16:29.3,322339,127.2924374,474.6440026,
,,,,
16:29.3,326338,124.3059763,746.8019592,
,,,,
16:29.3,330339,127.7643755,864.3836865,
,,,,
16:29.3,334337,129.1285379,341.2112176,
,,,,
16:29.3,338339,128.4726707,163.8848601,
,,,,
16:29.3,342340,127.684244,197.0574135,
,,,,
16:29.3,347340,126.3374846,269.351878,
,,,,
16:29.4,351340,127.4517753,278.5726653,
,,,,
16:29.4,355339,129.6867525,558.8840358,
,,,,
16:29.4,359341,126.9895187,673.9714669,
,,,,
16:29.4,363339,126.1260505,215.9750318,
,,,,
16:29.4,367341,128.1686447,510.3933403,
,,,,
16:29.4,372339,129.4246892,251.3094313,
,,,,
16:29.4,376343,128.7574689,166.6384338,
,,,,
16:29.4,380341,132.456514,925.223866,
,,,,
16:29.4,384342,130.4077174,512.0711316,
,,,,
16:29.4,388338,130.7585128,87.78665423,
,,,,
16:29.4,392340,129.8499773,227.0203801,
,,,,
16:29.4,397339,128.9550415,179.0229498,
,,,,
16:29.4,401337,128.7372689,54.47039323,
,,,,
16:29.4,405338,128.6376936,24.88759853,
,,,,
16:29.4,409338,127.4187714,304.7305636,
,,,,
16:29.4,413342,128.7837922,340.9143005,
,,,,
16:29.4,417339,127.8922574,223.0510041,
,,,,
16:29.4,422340,128.3595611,93.44204864,
,,,,
16:29.4,426341,127.9845021,93.74129461,
,,,,
16:29.4,430339,127.5420116,110.6779794,
,,,,
16:29.4,434337,126.9949875,136.8244424,
,,,,
16:29.4,438341,128.7223195,431.4016077,
,,,,
16:29.4,442337,130.9093672,547.3092281,
,,,,
16:29.4,447343,132.1991641,257.6502128,
,,,,
16:29.5,451339,129.6934517,627.0551729,
,,,,
16:29.5,455342,135.6413424,1485.858291,
,,,,
16:29.5,459340,132.0257206,904.3576247,
,,,,
16:29.5,463339,131.9351432,22.65002706,
,,,,
16:29.5,467339,131.8110208,31.03059035,
,,,,
16:29.5,472341,133.1130616,260.3040462,
,,,,
16:29.5,476340,133.5062504,98.32178234,
,,,,
16:29.5,480340,129.5916996,978.6377197,
,,,,
16:29.5,484339,131.0253982,358.5142872,
,,,,
16:29.5,488338,128.5547001,617.8289833,
,,,,
16:29.5,492338,128.1763072,94.5982223,
,,,,
16:29.5,497339,127.0207842,231.0583915,
,,,,
16:29.5,501341,128.4310024,352.3783622,
,,,,
16:29.5,505340,128.2320921,49.74001379,
,,,,
16:29.5,509340,129.3318754,274.9458319,
,,,,
16:29.5,513338,128.9222657,102.4536417,
,,,,
16:29.5,517340,128.8063949,28.95324523,
,,,,
16:29.5,522339,129.244768,87.69217275,
,,,,
16:29.5,526339,128.4245602,205.0519503,
,,,,
16:29.5,530338,127.5842572,210.1282912,
,,,,
16:29.5,534341,127.3361014,61.9924625,
,,,,
16:29.5,538339,132.0756947,1185.491088,
,,,,
16:29.5,542338,130.4010678,418.7614271,
,,,,
16:29.5,547339,127.3139795,617.2941934,
,,,,
16:29.6,551338,128.9455837,408.00304,
,,,,
16:29.6,555342,127.8686054,268.9755889,
,,,,
16:29.6,559341,129.521258,413.2664512,
,,,,
16:29.6,563339,130.3170114,199.037877,
,,,,
16:29.6,567340,130.6981324,95.25642567,
,,,,
16:29.6,572340,129.8621358,167.1993117,
,,,,
16:29.6,576339,134.4706553,1152.417977,
,,,,
16:29.6,580340,127.8021421,1666.711611,
,,,,
16:29.6,584340,129.9806735,544.6328339,
,,,,
16:29.6,588339,130.4741439,123.3984553,
,,,,
16:29.6,592341,133.328797,713.3066205,
,,,,
16:29.6,597339,131.6790189,330.0876539,
,,,,
16:29.6,601339,132.5552033,219.0461141,
,,,,
16:29.6,605343,130.818365,433.7758057,
,,,,
16:29.6,609341,131.7943925,244.1289453,
,,,,
16:29.6,613339,131.0029407,197.9619453,
,,,,
16:29.6,617341,130.9877565,3.794141629,
,,,,
16:29.6,622341,129.4805015,301.4510089,
,,,,
16:29.6,626337,131.933474,613.8569852,
,,,,
16:29.6,630339,130.6266697,326.5378043,
,,,,
16:29.6,634339,131.5463275,229.9144502,
,,,,
16:29.6,638341,131.6131432,16.69558098,
,,,,
16:29.6,642338,131.046288,141.8201808,
,,,,
16:29.6,647338,131.8106276,152.8679206,
,,,,
16:29.7,651339,132.1219364,77.8077477,
,,,,
16:29.7,655339,132.3691963,61.81497519,
,,,,
16:29.7,659339,133.5079853,284.6972646,
,,,,
16:29.7,663340,133.144162,90.93309622,
,,,,
16:29.7,667339,132.8464122,74.45605262,
,,,,
16:29.7,672340,133.4199572,114.6860441,
,,,,
16:29.7,676341,130.3443608,768.706905,
,,,,
16:29.7,680340,133.7471151,850.9012834,
,,,,
16:29.7,684341,129.8131136,983.2545397,
,,,,
16:29.7,688340,130.3666236,138.4120842,
,,,,
16:29.7,692341,134.6446664,1069.243402,
,,,,
16:29.7,697341,132.164279,496.0774873,
,,,,
16:29.7,701339,131.7458484,104.6599868,
,,,,
16:29.7,705342,129.169417,643.6251123,
,,,,
16:29.7,709339,129.2454722,19.02807414,
,,,,
16:29.7,713343,128.5822305,165.6448013,
,,,,
16:29.7,717340,128.7913286,52.31376606,
,,,,
16:29.7,722338,129.1353847,68.83875062,
,,,,
16:29.7,726339,131.1515489,503.9150906,
,,,,
16:29.7,730340,128.9139485,559.2602872,
,,,,
16:29.7,734339,129.3997658,121.4846998,
,,,,
16:29.7,738339,127.8304797,392.321529,
,,,,
16:29.7,742340,132.7954279,1240.926823,
,,,,
16:29.7,747340,127.5609097,1046.903657,
,,,,
16:29.8,751338,130.7139383,788.6514745,
,,,,
16:29.8,755342,130.8432417,32.29357625,
,,,,
16:29.8,759339,128.7346738,527.537644,
,,,,
16:29.8,763339,130.1617216,356.7619527,
,,,,
16:29.8,767339,132.5905149,607.1983175,
,,,,
16:29.8,772339,135.602516,602.4002282,
,,,,
16:29.8,776339,133.2162472,596.5671875,
,,,,
16:29.8,780338,137.5852882,1092.533373,
,,,,
16:29.8,784339,133.4158876,1042.089635,
,,,,
16:29.8,788338,131.8500508,391.5570952,
,,,,
16:29.8,793340,129.1934923,531.0992567,
,,,,
16:29.8,797342,131.4679806,568.3379053,
,,,,
16:29.8,801338,129.2519975,554.5503295,
,,,,
16:29.8,805341,129.9929553,185.1006375,
,,,,
16:29.8,809339,128.0189134,493.7573615,
,,,,
16:29.8,813344,128.994259,243.5319869,
,,,,
16:29.8,817340,131.0792688,521.7742291,
,,,,
16:29.8,822340,131.5486221,93.87065903,
,,,,
16:29.8,826337,133.1274319,394.9987116,
,,,,
16:29.8,830340,132.2101606,229.1459829,
,,,,
16:29.8,834339,134.2561372,511.6220616,
,,,,
16:29.8,838341,132.9095537,336.477625,
,,,,
16:29.8,842339,131.1603908,437.5095029,
,,,,
16:29.8,847340,130.2977632,172.4910053,
,,,,
16:29.9,851337,131.5316978,308.7151792,
,,,,
16:29.9,855340,131.7150236,45.79710779,
,,,,
16:29.9,859340,132.7865854,267.8904425,
,,,,
16:29.9,863341,135.8513162,765.9912002,
,,,,
16:29.9,867339,135.1941509,164.3735134,
,,,,
16:29.9,872339,133.5847287,321.8844327,
,,,,
16:29.9,876339,134.5121762,231.861877,
,,,,
16:29.9,880342,134.5066775,1.373645451,
,,,,
16:29.9,884339,132.8636483,411.0656122,
,,,,
16:29.9,888339,132.4843638,94.82110752,
,,,,
16:29.9,892340,132.1879132,74.09414076,
,,,,
16:29.9,897339,133.8206213,326.6069419,
,,,,
16:29.9,901341,132.0347213,446.2518624,
,,,,
16:29.9,905340,131.8073699,56.85206298,
,,,,
16:29.9,909340,131.7560815,12.82211223,
,,,,
16:29.9,913340,129.4468017,577.3199379,
,,,,
16:29.9,917343,129.3722769,18.61723913,
,,,,
16:29.9,922339,130.2951878,184.7299596,
,,,,
16:29.9,926339,128.5056076,447.3950627,
,,,,
16:29.9,930339,129.1199003,153.5731926,
,,,,
16:29.9,934340,127.7146774,351.2179322,
,,,,
16:29.9,938343,128.8234325,276.9810383,
,,,,
16:29.9,942339,129.3394717,129.1389479,
,,,,
16:29.9,947338,128.8936521,89.18174962,
,,,,
16:30.0,951338,128.7828917,27.69010854,
,,,,
16:30.0,955341,129.0093999,56.58461632,
,,,,
16:30.0,959337,128.2937449,179.0928622,
,,,,
16:30.0,963339,128.5556241,65.43708925,
,,,,
16:30.0,967340,126.3406271,553.6108486,
,,,,
16:30.0,972342,129.2944833,590.5350319,
,,,,
16:30.0,976342,129.7774818,120.749636,
,,,,
16:30.0,980338,128.8949719,220.8483475,
,,,,
16:30.0,984340,129.2053968,77.56746384,
,,,,
16:30.0,988339,129.0808675,31.14011363,
,,,,
16:30.0,992340,130.5236609,360.6081849,
,,,,
16:30.0,997339,131.118732,119.0380311,
,,,,
16:30.0,1343,128.647394,2.481273021,
,,,,
16:30.0,5341,130.0760478,357.3421303,
,,,,
16:30.0,9340,131.3770325,325.327492,
,,,,
16:30.0,13341,129.5600277,454.1376549,
,,,,
16:30.0,17339,130.2148061,163.7764781,
,,,,
16:30.0,22340,130.3070827,18.45163832,
,,,,
16:30.0,26341,131.8475892,385.0303736,
,,,,
16:30.0,30338,131.8254389,5.541738448,
,,,,
16:30.0,34337,132.8373371,253.0377983,
,,,,
16:30.0,38342,130.7091034,531.3941672,
,,,,
16:30.0,42337,131.2703396,140.484652,
,,,,
16:30.0,47341,131.4272316,31.3533147,
,,,,
16:30.1,51339,129.7071247,430.2418545,
,,,,
16:30.1,55341,128.7697579,234.2245884,
,,,,
16:30.1,59341,129.6936281,230.9675486,
,,,,
16:30.1,63342,128.6904836,250.7234393,
,,,,
16:30.1,67341,130.2196469,382.3864292,
,,,,
16:30.1,72340,132.2981011,415.7739875,
,,,,
16:30.1,76340,131.2118441,271.5642458,
,,,,
16:30.1,80340,133.5878925,594.0120958,
,,,,
16:30.1,84338,129.468645,1030.327024,
,,,,
16:30.1,88342,131.5483904,519.4169176,
,,,,
16:30.1,92338,129.9137606,409.0665195,
,,,,
16:30.1,97341,130.9023079,197.5909199,
,,,,
16:30.1,101338,129.3015066,400.5007093,
,,,,
16:30.1,105339,134.6847651,1345.478266,
,,,,
16:30.1,109340,133.2710415,353.342583,
,,,,
16:30.1,113338,135.2836469,503.4030673,
,,,,
16:30.1,117340,136.0371373,188.2784651,
,,,,
16:30.1,122340,133.458138,515.7998661,
,,,,
16:30.1,126340,132.6385868,204.8877904,
,,,,
16:30.1,130339,133.7423443,276.0083742,
,,,,
16:30.1,134340,135.7576395,503.6978548,
,,,,
16:30.1,138339,133.5753171,545.7170047,
,,,,
16:30.1,142341,132.8657907,177.2929711,
,,,,
16:30.1,147339,132.5488096,63.42159037,
,,,,
16:30.2,151339,133.2129346,166.0312539,
,,,,
16:30.2,155339,131.6480175,391.2292665,
,,,,
16:30.2,159341,130.3965085,312.7208979,
,,,,
16:30.2,163342,130.2025455,48.47862241,
,,,,
16:30.2,167340,129.6639987,134.7040487,
,,,,
16:30.2,172341,132.3058005,528.2547065,
,,,,
16:30.2,176339,128.8507378,864.1977845,
,,,,
16:30.2,180340,127.6788524,292.898122,
,,,,
16:30.2,184339,129.3748201,424.0979556,
,,,,
16:30.2,188340,129.3417959,8.253989718,
,,,,
16:30.2,193341,131.1505633,361.6811514,
,,,,
16:30.2,197337,130.891669,64.78837759,
,,,,
16:30.2,201336,132.8691212,494.486687,
,,,,
16:30.2,205341,130.8500057,504.1487004,
,,,,
16:30.2,209339,130.8744339,6.11009674,
,,,,
16:30.2,213337,130.1549794,179.9535895,
,,,,
16:30.2,217340,129.2350296,229.8150972,
,,,,
16:30.2,222340,130.9629948,345.5930367,
,,,,
16:30.2,226337,130.1169267,211.6757691,
,,,,
16:30.2,230337,130.1811751,16.06209704,
,,,,
16:30.2,234337,130.9307421,187.3917426,
,,,,
16:30.2,238341,132.8324085,474.9416732,
,,,,
16:30.2,242340,128.5720281,1065.361459,
,,,,
16:30.2,247339,133.3834256,962.4720124,
,,,,
16:30.3,251342,128.9638875,1104.056492,
,,,,
16:30.3,255340,130.3599229,349.1834493,
,,,,
16:30.3,259338,131.695115,333.9649895,
,,,,
16:30.3,263337,131.6013722,23.44154201,
,,,,
16:30.3,267337,129.7352602,466.5280103,
,,,,
16:30.3,272340,133.3533817,723.1903918,
,,,,
16:30.3,276342,133.445621,23.04830429,
,,,,
16:30.3,280337,131.6413122,451.6417515,
,,,,
16:30.3,284337,132.9797178,334.6013878,
,,,,
16:30.3,288341,132.7996733,44.96615742,
,,,,
16:30.3,292340,133.238422,109.7146131,
,,,,
16:30.3,297340,131.30819,386.0464009,
,,,,
16:30.3,301340,130.7375217,142.6670819,
,,,,
16:30.3,305339,130.6612977,19.06076022,
,,,,
16:30.3,309341,131.8201179,289.5602515,
,,,,
16:30.3,313340,133.1813519,340.3936018,
,,,,
16:30.3,317338,131.633893,387.058244,
,,,,
16:30.3,322340,133.451416,363.359254,
,,,,
16:30.3,326343,134.4744599,255.5692949,
,,,,
16:30.3,330340,134.1139424,90.19702095,
,,,,
16:30.3,334337,132.2639815,462.8373565,
,,,,
16:30.3,338338,135.0494071,696.1823634,
,,,,
16:30.3,343344,133.1682527,375.7799496,
,,,,
16:30.3,347337,130.4803713,673.148361,
,,,,
16:30.4,351339,129.710844,192.2856688,
,,,,
16:30.4,355340,132.8366115,781.2465625,
,,,,
16:30.4,359340,131.0818594,438.6880347,
,,,,
16:30.4,363339,131.1102092,7.089229156,
,,,,
16:30.4,367338,130.1071535,250.8266381,
,,,,
16:30.4,372340,130.8559713,149.7036742,
,,,,
16:30.4,376338,134.1535442,824.8056464,
,,,,
16:30.4,380340,129.6493645,1125.482205,
,,,,
16:30.4,384340,129.2252085,106.0389911,
,,,,
16:30.4,388341,100.8343109,7095.950422,
,,,,
16:30.4,392340,127.9079687,6770.106998,
,,,,
16:30.4,397340,128.7773316,173.8725727,
,,,,
16:30.4,401340,130.0735924,324.065188,
,,,,
16:30.4,405340,128.6750476,349.6361797,
,,,,
16:30.4,409339,111.5426595,4284.168081,
,,,,
16:30.4,413339,125.2293672,3421.676925,
,,,,
16:30.4,417340,129.432296,1050.469576,
,,,,
16:30.4,422341,127.8734036,311.7161234,
,,,,
16:30.4,426340,128.6412804,192.0171974,
,,,,
16:30.4,430337,131.1727754,633.3487663,
,,,,
16:30.4,434337,130.8344797,84.57392187,
,,,,
16:30.4,438338,128.7377901,524.0413897,
,,,,
16:30.4,442340,130.1350096,349.1302907,
,,,,
16:30.4,447341,126.6938751,688.0892641,
,,,,
16:30.5,451338,127.6074165,228.5567655,
,,,,
16:30.5,455339,127.1060534,125.3094476,
,,,,
16:30.5,459339,128.5861022,370.0121854,
,,,,
16:30.5,463339,133.1841006,1149.499617,
,,,,
16:30.5,467336,135.1872905,501.1733418,
,,,,
16:30.5,472339,136.1566777,193.7611842,
,,,,
16:30.5,476338,132.8851566,818.0847843,
,,,,
16:30.5,480337,133.5049887,154.9967724,
,,,,
16:30.5,484337,132.041647,365.8354439,
,,,,
16:30.5,488339,102.3166606,7427.532832,
,,,,
16:30.5,492340,131.0263378,7175.625401,
,,,,
16:30.5,497340,129.4948136,306.3048438,
,,,,
16:30.5,501340,130.1495663,163.6881679,
,,,,
16:30.5,505339,131.7292171,395.0114521,
,,,,
16:30.5,509337,131.0972032,158.0824979,
,,,,
16:30.5,513338,131.504335,101.7575166,
,,,,
16:30.5,517340,130.9827676,130.3267038,
,,,,
16:30.5,522339,133.3001738,463.5739571,
,,,,
16:30.5,526339,133.8625307,140.5892192,
,,,,
16:30.5,530339,133.45667,101.4651562,
,,,,
16:30.5,534339,132.1067874,337.4706625,
,,,,
16:30.5,538340,132.820589,178.4057914,
,,,,
16:30.5,542339,127.748054,1268.450856,
,,,,
16:30.5,547339,128.6931059,189.0103804,
,,,,
16:30.6,551340,128.5965182,24.14087846,
,,,,
16:30.6,555341,128.6304803,8.488402471,
,,,,
16:30.6,559340,128.7385108,27.01435783,
,,,,
16:30.6,563338,130.0067617,317.221359,
,,,,
16:30.6,567339,128.6024231,350.9969108,
,,,,
16:30.6,572340,129.8586031,251.1857519,
,,,,
16:30.6,576340,129.3655582,123.2612119,
,,,,
16:30.6,580338,130.5583322,298.342665,
,,,,
16:30.6,584340,129.0643861,373.2998656,
,,,,
16:30.6,588339,130.3482301,321.0412501,
,,,,
16:30.6,592338,126.9922976,839.1929194,
,,,,
16:30.6,597338,128.5360299,308.7464519,
,,,,
16:30.6,601339,127.9005503,158.8301679,
,,,,
16:30.6,605339,130.0863581,546.4519441,
,,,,
16:30.6,609338,128.5617597,381.2449185,
,,,,
16:30.6,613341,129.2207916,164.6344896,
,,,,
16:30.6,617339,127.444129,444.3878461,
,,,,
16:30.6,622342,125.7674255,335.1396135,
,,,,
16:30.6,626339,126.8253674,264.6839883,
,,,,
16:30.6,630339,127.4362322,152.7162027,
,,,,
16:30.6,634339,128.6027391,291.6267218,
,,,,
16:30.6,638340,126.8666946,433.9026329,
,,,,
16:30.6,642338,125.5045061,340.7174839,
,,,,
16:30.6,647338,127.7929865,457.696076,
,,,,
16:30.7,651339,127.8710736,19.51689488,
,,,,
16:30.7,655339,130.3500852,619.7528962,
,,,,
16:30.7,659340,130.4675802,29.36641857,
,,,,
16:30.7,663339,130.8124967,86.2506851,
,,,,
16:30.7,667339,129.663735,287.1904184,
,,,,
16:30.7,672344,131.2285337,312.6470897,
,,,,
16:30.7,676339,128.8630677,592.1066374,
,,,,
16:30.7,680339,132.592208,932.2850671,
,,,,
16:30.7,684340,134.6665428,518.4540982,
,,,,
16:30.7,688339,133.987837,169.718879,
,,,,
16:30.7,692339,129.7706101,1054.306734,
,,,,
16:30.7,697339,129.9021202,26.30201433,
,,,,
16:30.7,701340,130.306559,101.0844305,
,,,,
16:30.7,705342,131.3453637,259.5714052,
,,,,
16:30.7,709340,128.5619865,696.192418,
,,,,
16:30.7,713343,129.6603256,274.3790044,
,,,,
16:30.7,717339,128.6528354,252.1246704,
,,,,
16:30.7,722339,126.9300117,344.5647436,
,,,,
16:30.7,726338,128.6380277,427.1107656,
,,,,
16:30.7,730338,128.4787085,39.829785,
,,,,
16:30.7,734340,127.0785357,349.8682593,
,,,,
16:30.7,738342,129.5406949,615.2321779,
,,,,
16:30.7,742340,129.0969395,110.9943534,
,,,,
16:30.7,747339,128.3019963,159.0204357,
,,,,
16:30.8,751338,129.2936319,247.970877,
,,,,
16:30.8,755339,128.4337493,214.9169034,
,,,,
16:30.8,759339,130.8778453,611.023984,
,,,,
16:30.8,763339,131.0192866,35.36033455,
,,,,
16:30.8,767341,132.0213395,250.3880342,
,,,,
16:30.8,772343,131.8184218,40.56731155,
,,,,
16:30.8,776340,133.1352578,329.4560907,
,,,,
16:30.8,780340,133.9280698,198.2029834,
,,,,
16:30.8,784339,132.028154,475.097718,
,,,,
16:30.8,788339,132.4562886,107.0336501,
,,,,
16:30.8,792339,131.5647162,222.8930858,
,,,,
16:30.8,797339,132.8467073,256.3982051,
,,,,
16:30.8,801340,132.6453438,50.32828263,
,,,,
16:30.8,805339,130.4591523,546.6845622,
,,,,
16:30.8,809339,130.5934659,33.57840588,
,,,,
16:30.8,813339,132.1295586,384.0231911,
,,,,
16:30.8,817344,132.5326794,100.6543755,
,,,,
16:30.8,822340,130.3081773,445.2566339,
,,,,
16:30.8,826339,127.5881625,680.173742,
,,,,
16:30.8,830339,125.7337195,463.6107477,
,,,,
16:30.8,834339,127.5609154,456.7989879,
,,,,
16:30.8,838341,126.9011875,164.8495522,
,,,,
16:30.8,843342,130.5021744,720.053355,
,,,,
16:30.8,847339,128.9813689,380.4867218,
,,,,
16:30.9,851339,130.3665102,346.285328,
,,,,
16:30.9,855339,128.2564596,527.5126636,
,,,,
16:30.9,859340,129.5671839,327.5991803,
,,,,
16:30.9,863337,128.9162082,162.8660807,
,,,,
16:30.9,867339,129.7307608,203.536392,
,,,,
16:30.9,872340,127.5094727,444.1687998,
,,,,
16:30.9,876341,126.4000166,277.2947025,
,,,,
16:30.9,880338,131.1555462,1189.774745,
,,,,
16:30.9,884340,127.8999816,813.4844214,
,,,,
16:30.9,888343,128.5077102,151.8182996,
,,,,
16:30.9,892339,128.3217055,46.5477356,
,,,,
16:30.9,897339,128.3235182,0.36253986,
,,,,
16:30.9,900891,131.2161262,814.3603808,
,,,,
16:30.9,905388,128.862321,523.4167738,
,,,,
16:30.9,909390,130.5663074,425.7836988,
,,,,
16:30.9,913388,131.0669627,125.2264413,
,,,,
16:30.9,917389,129.0696371,499.2065823,
,,,,
16:30.9,922390,129.9354204,173.1220285,
,,,,
16:30.9,926391,126.9607608,743.4790417,
,,,,
16:30.9,930389,126.0560531,226.2900474,
,,,,
16:30.9,934389,127.114286,264.5582041,
,,,,
16:30.9,938393,126.278952,208.6248776,
,,,,
16:30.9,942389,127.5818966,326.0622237,
,,,,
16:30.9,947390,128.3325805,150.106757,
,,,,
16:31.0,951389,129.806801,368.64729,
,,,,
16:31.0,955389,131.4726743,416.4683268,
,,,,
16:31.0,959389,129.9921336,370.1351795,
,,,,
16:31.0,963389,130.6266463,158.6281783,
,,,,
16:31.0,967389,128.2006321,606.5035569,
,,,,
16:31.0,972392,126.7872782,282.5012773,
,,,,
16:31.0,976389,124.7517425,509.2658772,
,,,,
16:31.0,980389,125.8589224,276.7949859,
,,,,
16:31.0,984388,128.083073,556.176688,
,,,,
16:31.0,988391,127.4619927,155.1537068,
,,,,
16:31.0,992390,127.6103469,37.09781441,
,,,,
16:31.0,997392,128.0986794,97.62746405,
,,,,
16:31.0,1389,128.3553133,0.25766371,
,,,,
16:31.0,5389,127.4084523,236.7152493,
,,,,
16:31.0,9389,126.5666346,210.4544181,
,,,,
16:31.0,13389,126.186636,94.99963898,
,,,,
16:31.0,17392,122.2534074,982.5702309,
,,,,
16:31.0,22390,126.6022328,870.113127,
,,,,
16:31.0,26387,125.4727423,282.584559,
,,,,
16:31.0,30386,127.8040971,582.9844481,
,,,,
16:31.0,34390,124.3662786,858.5960412,
,,,,
16:31.0,38389,125.5961036,307.5331429,
,,,,
16:31.0,42389,125.5218292,18.56860727,
,,,,
16:31.0,47391,126.9475471,285.0295763,
,,,,
16:31.1,51386,128.1677047,305.4211581,
,,,,
16:31.1,55390,129.2094892,260.1859431,
,,,,
16:31.1,59388,129.6894467,120.0494095,
,,,,
16:31.1,63388,126.8275211,715.4814031,
,,,,
16:31.1,67388,126.3262831,125.3095131,
,,,,
16:31.1,72390,125.6731131,130.581752,
,,,,
16:31.1,76389,126.7412789,267.1082121,
,,,,
16:31.1,80390,125.806998,233.5118482,
,,,,
16:31.1,84389,126.2405344,108.4112162,
,,,,
16:31.1,88390,126.7602281,129.8909355,
,,,,
16:31.1,92391,126.2442474,128.962912,
,,,,
16:31.1,97389,127.117012,174.6227675,
,,,,
16:31.1,101391,125.3875773,432.1426248,
,,,,
16:31.1,105389,126.04062,163.3423587,
,,,,
16:31.1,109389,129.0194534,744.7083557,
,,,,
16:31.1,113389,124.9054205,1028.508244,
,,,,
16:31.1,117659,124.2294489,158.3071605,
,,,,
16:31.1,121916,122.8160358,332.0209178,
,,,,
16:31.1,125915,123.2892425,118.3312612,
,,,,
16:31.1,129915,124.3624594,268.3042101,
,,,,
16:31.1,133916,126.5517022,547.1739227,
,,,,
16:31.1,138916,125.7756219,155.2160794,
,,,,
16:31.1,142915,124.596461,294.8639213,
,,,,
16:31.1,146915,124.2690597,81.85032714,
,,,,
16:31.2,150916,124.5845913,78.86317241,
,,,,
16:31.2,154916,125.6606296,269.0095807,
,,,,
16:31.2,159917,125.4964916,32.82103975,
,,,,
16:31.2,163916,126.6986951,300.6260467,
,,,,
16:31.2,167916,126.902318,50.90570401,
,,,,
16:31.2,171916,127.7464685,211.0376331,
,,,,
16:31.2,175925,125.3263629,603.6681383,
,,,,
16:31.2,179915,124.1683557,290.2273839,
,,,,
16:31.2,184918,127.0673111,579.4434282,
,,,,
16:31.2,188916,125.1395385,482.184244,
,,,,
16:31.2,192915,123.7818663,339.5029252,
,,,,
16:31.2,196915,117.955723,1456.535837,
,,,,
16:31.2,200917,120.8001535,710.7522456,
,,,,
16:31.2,204920,118.4053826,598.2440347,
,,,,
16:31.2,209917,119.6226004,243.589714,
,,,,
16:31.2,213916,116.8780493,686.3093617,
,,,,
16:31.2,217916,120.1494874,817.8595467,
,,,,
16:31.2,221920,121.926497,443.8085812,
,,,,
16:31.2,225916,122.1271688,50.21816772,
,,,,
16:31.2,229916,122.3405117,53.33572385,
,,,,
16:31.2,234918,122.4821036,28.30706244,
,,,,
16:31.2,238916,123.9545978,368.307694,
,,,,
16:31.2,242917,125.4233422,367.0943352,
,,,,
16:31.2,246916,121.0305489,1098.47294,
,,,,
16:31.3,250915,125.3427395,1078.317232,
,,,,
16:31.3,254915,119.8404974,1375.560533,
,,,,
16:31.3,259917,123.2792199,687.4695195,
,,,,
16:31.3,263916,124.2597235,245.187193,
,,,,
16:31.3,267916,123.024672,308.7628761,
,,,,
16:31.3,271918,122.310961,178.3385763,
,,,,
16:31.3,275918,123.9312214,405.0650905,
,,,,
16:31.3,279914,121.3150381,654.7005208,
,,,,
16:31.3,284916,122.0234642,141.628569,
,,,,
16:31.3,288915,124.8006961,694.4815812,
,,,,
16:31.3,292916,123.9630175,209.3672928,
,,,,
16:31.3,296916,122.9220761,260.2353696,
,,,,
16:31.3,300915,122.12227,200.0015179,
,,,,
16:31.3,304915,122.6213958,124.7814489,
,,,,
16:31.3,309920,119.3624492,651.1381858,
,,,,
16:31.3,313915,121.7866759,606.8152099,
,,,,
16:31.3,317915,118.6450092,785.4166779,
,,,,
16:31.3,321916,120.0898296,361.1148268,
,,,,
16:31.3,325916,120.6972233,151.8484182,
,,,,
16:31.3,329918,122.4621697,441.0160949,
,,,,
16:31.3,334918,124.0227094,312.1079289,
,,,,
16:31.3,338919,124.4993497,119.130293,
,,,,
16:31.3,342917,120.9828029,879.5764682,
,,,,
16:31.3,346914,122.4505589,367.2144004,
,,,,
16:31.4,350915,121.3561968,273.5221412,
,,,,
16:31.4,354916,121.7101094,88.45603638,
,,,,
16:31.4,359917,122.9774911,253.4256531,
,,,,
16:31.4,363916,120.9416251,509.0937754,
,,,,
16:31.4,367915,120.7377908,50.97132275,
,,,,
16:31.4,371918,123.1977343,614.5249882,
,,,,
16:31.4,375917,121.6814953,379.1545458,
,,,,
16:31.4,379916,120.4206218,315.2971944,
,,,,
16:31.4,384916,118.0555816,473.0080401,
,,,,
16:31.4,388918,114.9810694,768.2439186,
,,,,
16:31.4,392915,116.6908225,427.7590847,
,,,,
16:31.4,396915,116.8056176,28.69878212,
,,,,
16:31.4,400920,116.6739549,32.87458915,
,,,,
16:31.4,404916,117.879246,301.6244092,
,,,,
16:31.4,409917,118.0642771,36.99880587,
,,,,
16:31.4,413918,119.7370972,418.1005073,
,,,,
16:31.4,417917,118.7748571,240.6201875,
,,,,
16:31.4,421920,120.924973,537.1261276,
,,,,
16:31.4,425917,119.2000603,431.5518258,
,,,,
16:31.4,429917,119.6693041,117.310946,
,,,,
16:31.4,434917,117.9660548,340.6498614,
,,,,
16:31.4,438918,121.1101235,785.8207171,
,,,,
16:31.4,442920,123.3526842,560.3600072,
,,,,
16:31.4,446916,121.9143163,359.9519227,
,,,,
16:31.5,450915,122.7688003,213.6744199,
,,,,
16:31.5,454916,122.9542616,46.35373822,
,,,,
16:31.5,459918,124.3255726,274.1525292,
,,,,
16:31.5,463916,122.3618076,491.186845,
,,,,
16:31.5,467916,122.297599,16.05214541,
,,,,
16:31.5,471917,121.282553,253.6980879,
,,,,
16:31.5,475916,120.1935009,272.3311058,
,,,,
16:31.5,479916,122.7420867,637.1464552,
,,,,
16:31.5,484917,124.1091692,273.361839,
,,,,
16:31.5,488916,124.0254234,20.94169874,
,,,,
16:31.5,492916,120.8783648,786.7646488,
,,,,
16:31.5,496916,119.7277974,287.6418424,
,,,,
16:31.5,500915,115.1862532,1135.669979,
,,,,
16:31.5,504916,116.1356198,237.2823229,
,,,,
16:31.5,509917,116.545452,81.95005863,
,,,,
16:31.5,513915,116.6697863,31.09912395,
,,,,
16:31.5,517915,118.9988665,582.2700465,
,,,,
16:31.5,521919,118.4283303,142.4915458,
,,,,
16:31.5,525915,122.3303429,976.4796306,
,,,,
16:31.5,529916,120.9545883,343.8527004,
,,,,
16:31.5,534918,120.8437997,22.1488479,
,,,,
16:31.5,538916,123.5059406,665.8681357,
,,,,
16:31.5,542920,120.0685377,858.4922209,
,,,,
16:31.5,546914,122.7721752,676.9247578,
,,,,
16:31.6,550914,123.9651597,298.2461228,
,,,,
16:31.6,554916,122.7465961,304.4886425,
,,,,
16:31.6,559920,123.2467897,99.95874042,
,,,,
16:31.6,563915,127.1134312,967.8702141,
,,,,
16:31.6,567915,126.9867568,31.66858738,
,,,,
16:31.6,571915,124.029267,739.3724491,
,,,,
16:31.6,575915,123.9682401,15.25672244,
,,,,
16:31.6,579917,121.3024274,666.1201164,
,,,,
16:31.6,584916,121.9178676,123.1126669,
,,,,
16:31.6,588914,122.9029423,246.3918477,
,,,,
16:31.6,592916,121.2303177,417.9471705,
,,,,
16:31.6,596916,120.948192,70.53141698,
,,,,
16:31.6,600916,122.7043332,439.0352953,
,,,,
16:31.6,604916,121.8984728,201.4650863,
,,,,
16:31.6,609917,123.2989616,280.0417429,
,,,,
16:31.6,613916,124.3738027,268.777457,
,,,,
16:31.6,617916,123.7968719,144.2326834,
,,,,
16:31.6,621916,121.3525045,611.0918602,
,,,,
16:31.6,625916,123.5260489,543.3861133,
,,,,
16:31.6,629916,123.0119419,128.5267618,
,,,,
16:31.6,633915,124.899774,472.0760452,
,,,,
16:31.6,638917,128.2900549,677.7850683,
,,,,
16:31.6,642915,125.2777672,753.4486451,
,,,,
16:31.6,646917,126.7669782,372.1166991,
,,,,
22176,,,,
,,,,
16:31.4,429917,119.6693041,117.310946,
,,,,
16:31.4,433917,117.9660548,425.8123268,
,,,,
16:31.4,438918,121.1101235,628.6880003,
,,,,
16:31.4,442920,123.3526842,560.3600072,
,,,,
16:31.4,446916,121.9143163,359.9519227,
,,,,
16:31.5,450915,122.7688003,213.6744199,
,,,,
16:31.5,454916,122.9542616,46.35373822,
,,,,
16:31.5,458918,124.3255726,342.6564096,
,,,,
16:31.5,463916,122.3618076,392.9101653,
,,,,
16:31.5,467916,122.297599,16.05214541,
,,,,
16:31.5,471917,121.282553,253.6980879,
,,,,
16:31.5,475916,120.1935009,272.3311058,
,,,,
16:31.5,479916,122.7420867,637.1464552,
,,,,
16:31.5,483917,124.1091692,341.6852179,
,,,,
16:31.5,488916,124.0254234,16.75252116,
,,,,
16:31.5,492916,120.8783648,786.7646488,
,,,,
16:31.5,496916,119.7277974,287.6418424,
,,,,
16:31.5,500915,115.1862532,1135.669979,
,,,,
16:31.5,504916,116.1356198,237.2823229,
,,,,
16:31.5,509917,116.545452,81.95005863,
,,,,
16:31.5,513915,116.6697863,31.09912395,
,,,,
16:31.5,517915,118.9988665,582.2700465,
,,,,
16:31.5,521919,118.4283303,142.4915458,
,,,,
16:31.5,525915,122.3303429,976.4796306,
,,,,
16:31.5,529916,120.9545883,343.8527004,
,,,,
16:31.5,534918,120.8437997,22.1488479,
,,,,
16:31.5,538916,123.5059406,665.8681357,
,,,,
16:31.5,542920,120.0685377,858.4922209,
,,,,
16:31.5,546914,122.7721752,676.9247578,
,,,,
16:31.6,550914,123.9651597,298.2461228,
,,,,
16:31.6,554916,122.7465961,304.4886425,
,,,,
16:31.6,558917,123.2467897,125.01713,
,,,,
16:31.6,563915,127.1134312,773.6377562,
,,,,
16:31.6,567915,126.9867568,31.66858738,
,,,,
16:31.6,571915,124.029267,739.3724491,
,,,,
16:31.6,575915,123.9682401,15.25672244,
,,,,
16:31.6,579917,121.3024274,666.1201164,
,,,,
16:31.6,583916,121.9178676,153.89853,
,,,,
16:31.6,588914,122.9029423,197.0937589,
,,,,
16:31.6,592916,121.2303177,417.9471705,
,,,,
16:31.6,596916,120.948192,70.53141698,
,,,,
16:31.6,600916,122.7043332,439.0352953,
,,,,
16:31.6,604916,121.8984728,201.4650863,
,,,,
16:31.6,609917,123.2989616,280.0417429,
,,,,
16:31.6,613916,124.3738027,268.777457,
,,,,
16:31.6,617916,123.7968719,144.2326834,
,,,,
16:31.6,621916,121.3525045,611.0918602,
,,,,
16:31.6,625916,123.5260489,543.3861133,
,,,,
16:31.6,629916,123.0119419,128.5267618,
,,,,
16:31.6,633915,124.899774,472.0760452,
,,,,
16:31.6,638917,128.2900549,677.7850683,
,,,,
16:31.6,642915,125.2777672,753.4486451,
,,,,
16:31.6,646917,126.7669782,372.1166991,
