EMG 1,EMG 2,EMG 3,EMG 4,EMG 5,EMG 6,EMG 7,EMG 8,Timestamp
-1,0,1,-2,-5,-3,-3,-3,2021-08-07 12:55:06.655336
1,0,2,4,10,7,4,0,2021-08-07 12:55:06.655336
0,-3,-4,0,1,0,0,-1,2021-08-07 12:55:06.662332
3,3,3,3,0,-1,0,1,2021-08-07 12:55:06.662332
-3,-5,-4,-7,-11,-6,-4,-3,2021-08-07 12:55:06.702336
-1,-1,-1,4,7,3,1,-1,2021-08-07 12:55:06.702336
2,2,4,3,6,7,4,2,2021-08-07 12:55:06.703332
-1,-2,-1,0,0,-1,-1,-1,2021-08-07 12:55:06.703332
-1,-1,-1,0,-3,-3,-3,0,2021-08-07 12:55:06.704332
-2,-2,-4,-5,-5,-3,-2,-4,2021-08-07 12:55:06.704332
-1,-2,-2,-5,-11,-7,-4,-4,2021-08-07 12:55:06.707331
0,0,-1,2,7,2,0,0,2021-08-07 12:55:06.707331
0,0,-1,-3,-1,-1,-2,-2,2021-08-07 12:55:06.722333
0,4,4,4,6,5,2,1,2021-08-07 12:55:06.722333
-1,0,0,-1,1,0,0,0,2021-08-07 12:55:06.723333
-3,-3,-2,-3,-8,-5,-2,0,2021-08-07 12:55:06.723333
-4,-5,-5,-7,-10,-6,-4,-3,2021-08-07 12:55:06.730332
0,0,-3,-5,-3,-1,-1,1,2021-08-07 12:55:06.730332
2,3,2,6,10,6,5,2,2021-08-07 12:55:06.744332
-2,-1,-2,-4,-2,-1,-2,-1,2021-08-07 12:55:06.744332
0,2,2,3,7,4,2,-1,2021-08-07 12:55:06.759333
-1,-2,-2,-3,-9,-6,-2,-2,2021-08-07 12:55:06.759333
-2,-2,-3,-3,-3,-3,-3,-2,2021-08-07 12:55:06.766333
-2,-4,-3,-5,-5,-5,-3,-3,2021-08-07 12:55:06.767332
-1,-1,-1,1,3,0,1,-1,2021-08-07 12:55:06.775334
-1,-4,-2,-6,-7,-4,-2,-1,2021-08-07 12:55:06.776332
-1,2,1,6,9,5,1,1,2021-08-07 12:55:06.790334
1,1,1,2,-1,1,0,0,2021-08-07 12:55:06.790334
0,-1,2,2,4,1,-1,1,2021-08-07 12:55:06.792333
1,-3,0,-4,-5,-5,0,0,2021-08-07 12:55:06.792333
-2,-1,-1,-6,-9,-4,0,0,2021-08-07 12:55:06.813336
1,0,1,2,8,8,4,0,2021-08-07 12:55:06.813336
-6,-1,-4,-1,0,-4,-8,-7,2021-08-07 12:55:06.814333
-1,0,-1,-4,-6,-4,-2,-2,2021-08-07 12:55:06.814333
0,0,2,8,9,5,1,1,2021-08-07 12:55:06.835332
0,0,0,0,-5,0,5,3,2021-08-07 12:55:06.835332
3,1,3,5,14,13,7,3,2021-08-07 12:55:06.837332
-1,1,1,4,4,-2,-7,-3,2021-08-07 12:55:06.837332
-5,-6,-8,-9,-12,-8,-9,-5,2021-08-07 12:55:06.850332
-1,0,-1,-3,-7,-6,-4,-4,2021-08-07 12:55:06.850332
-2,-1,0,0,-4,-2,2,1,2021-08-07 12:55:06.852336
1,1,1,5,5,4,2,3,2021-08-07 12:55:06.852336
0,-1,-1,-2,-1,-1,0,0,2021-08-07 12:55:06.872854
-2,-4,-3,-4,-2,-1,-2,-2,2021-08-07 12:55:06.872854
1,0,-1,-2,-4,-1,1,0,2021-08-07 12:55:06.874384
0,-3,-3,0,2,0,0,-1,2021-08-07 12:55:06.874384
-2,-1,-2,-1,-2,-3,-2,-3,2021-08-07 12:55:06.886372
2,3,1,5,7,6,1,1,2021-08-07 12:55:06.887371
0,1,2,-1,-1,-3,0,1,2021-08-07 12:55:06.895373
-1,-1,-1,6,3,3,0,-2,2021-08-07 12:55:06.895373
2,0,0,-1,-2,-1,1,0,2021-08-07 12:55:06.910371
-2,-2,-4,-3,-4,-3,-4,-3,2021-08-07 12:55:06.910371
0,0,-1,2,1,0,0,0,2021-08-07 12:55:06.912372
0,1,1,-1,-2,1,0,0,2021-08-07 12:55:06.912372
-2,-1,-2,-3,-6,-4,-2,-3,2021-08-07 12:55:06.940373
-1,-2,-3,-2,-5,-4,-4,-1,2021-08-07 12:55:06.940373
-1,-2,-2,-2,-3,-1,0,0,2021-08-07 12:55:06.942371
-1,1,2,5,11,6,5,0,2021-08-07 12:55:06.942371
-1,-3,-1,-1,0,0,0,0,2021-08-07 12:55:06.946371
0,0,-1,-2,-1,-3,-2,-1,2021-08-07 12:55:06.946371
-3,-1,-3,-4,-9,-5,-4,-3,2021-08-07 12:55:06.955373
-2,-2,-3,-4,-4,-1,-3,-2,2021-08-07 12:55:06.955373
2,4,3,-2,-3,2,2,2,2021-08-07 12:55:06.970371
-1,-2,0,0,-2,-5,-3,-3,2021-08-07 12:55:06.970371
1,-1,-3,-2,-9,-5,-2,-2,2021-08-07 12:55:06.972373
0,-1,2,3,9,6,3,0,2021-08-07 12:55:06.972373
-4,-5,-5,-2,-5,-8,-5,-3,2021-08-07 12:55:06.993375
1,1,3,5,13,9,5,2,2021-08-07 12:55:06.993375
0,0,0,-2,0,-1,-1,0,2021-08-07 12:55:06.994371
0,2,0,-1,-4,-1,1,0,2021-08-07 12:55:06.995372
-1,-2,-2,-2,-4,-3,-2,-1,2021-08-07 12:55:07.006371
-2,-1,-3,-4,-5,-5,-4,-1,2021-08-07 12:55:07.006371
-1,0,-2,-5,-8,-4,-1,-2,2021-08-07 12:55:07.015374
-1,0,-1,3,7,5,1,2,2021-08-07 12:55:07.015374
-1,-2,0,0,2,0,0,-1,2021-08-07 12:55:07.030370
-2,-2,-1,0,2,2,2,-1,2021-08-07 12:55:07.030370
-1,-2,-2,0,1,1,-1,-1,2021-08-07 12:55:07.032374
2,3,2,0,-4,-3,1,0,2021-08-07 12:55:07.032374
-2,0,-1,1,0,-1,-1,0,2021-08-07 12:55:07.053373
-1,-2,0,-2,-3,-2,-3,-2,2021-08-07 12:55:07.053373
-1,0,0,-1,0,0,0,-1,2021-08-07 12:55:07.054375
-2,-4,-3,-7,-12,-7,-4,-2,2021-08-07 12:55:07.055372
0,-2,-2,1,4,2,-1,0,2021-08-07 12:55:07.066371
-1,1,1,-1,-1,0,1,0,2021-08-07 12:55:07.067371
1,1,1,4,9,6,1,1,2021-08-07 12:55:07.083371
-1,-1,-2,-1,0,-1,-2,-3,2021-08-07 12:55:07.083371
-1,-2,-1,-1,-2,-2,-1,-2,2021-08-07 12:55:07.090373
-3,-2,-3,-3,-9,-6,-3,-1,2021-08-07 12:55:07.091373
-1,-2,-3,-7,-13,-9,-5,-2,2021-08-07 12:55:07.092372
2,3,4,9,15,11,6,3,2021-08-07 12:55:07.092372
-2,-2,-1,2,6,3,0,-1,2021-08-07 12:55:07.112892
0,-1,1,-1,-2,0,0,0,2021-08-07 12:55:07.112892
0,0,0,3,6,1,2,0,2021-08-07 12:55:07.114895
-2,-5,-6,-12,-21,-15,-7,-3,2021-08-07 12:55:07.114895
1,1,2,7,14,10,3,-1,2021-08-07 12:55:07.126892
1,1,-1,1,6,1,1,-2,2021-08-07 12:55:07.126892
-2,-2,-2,-2,-5,-2,-3,-1,2021-08-07 12:55:07.135894
-4,-4,-5,-9,-15,-10,-6,-4,2021-08-07 12:55:07.135894
2,4,1,1,2,3,1,1,2021-08-07 12:55:07.150892
0,0,-1,2,4,4,3,2,2021-08-07 12:55:07.150892
-1,-1,-1,2,2,1,1,0,2021-08-07 12:55:07.151894
-1,-1,-2,-1,2,-2,-1,-1,2021-08-07 12:55:07.151894
-2,-1,-1,-5,-7,-4,-3,-2,2021-08-07 12:55:07.171893
0,1,-1,-4,-5,-2,-3,0,2021-08-07 12:55:07.171893
-1,0,0,-2,-9,-4,-3,0,2021-08-07 12:55:07.180893
0,-2,1,4,7,2,1,1,2021-08-07 12:55:07.180893
-1,1,-1,0,3,1,-1,0,2021-08-07 12:55:07.195893
-1,-1,-2,2,-1,-1,0,0,2021-08-07 12:55:07.195893
1,2,0,-1,0,-1,-1,-1,2021-08-07 12:55:07.196892
-2,0,-1,-1,-5,-1,1,0,2021-08-07 12:55:07.196892
1,0,0,0,-1,0,0,0,2021-08-07 12:55:07.210894
-1,-1,0,1,4,4,0,-1,2021-08-07 12:55:07.210894
0,0,-2,-1,-2,-1,0,0,2021-08-07 12:55:07.211894
1,2,1,4,6,4,3,2,2021-08-07 12:55:07.211894
-1,-4,-5,-7,-9,-5,0,1,2021-08-07 12:55:07.232897
-4,-3,-1,2,4,3,-1,-2,2021-08-07 12:55:07.232897
-3,-2,-1,3,3,0,0,-1,2021-08-07 12:55:07.234893
-3,-3,-1,-2,-3,-5,-5,-6,2021-08-07 12:55:07.234893
-1,0,1,-2,-1,0,-2,-1,2021-08-07 12:55:07.255895
-3,-1,0,-5,-11,-9,-5,-2,2021-08-07 12:55:07.255895
1,2,1,0,5,4,2,0,2021-08-07 12:55:07.256893
1,3,2,2,5,2,1,1,2021-08-07 12:55:07.256893
0,0,-4,-4,-9,-8,-4,-2,2021-08-07 12:55:07.270893
0,-3,-4,-5,-5,-4,-1,-1,2021-08-07 12:55:07.270893
-1,0,2,6,10,7,4,1,2021-08-07 12:55:07.271893
0,0,1,-1,1,1,0,0,2021-08-07 12:55:07.271893
-1,-3,-1,-3,-8,-6,-3,-2,2021-08-07 12:55:07.292891
-1,-2,-2,1,1,0,-1,0,2021-08-07 12:55:07.292891
1,1,0,1,7,5,4,0,2021-08-07 12:55:07.294895
-1,0,-1,1,2,0,-1,0,2021-08-07 12:55:07.294895
-1,-1,-1,0,2,1,-1,0,2021-08-07 12:55:07.315892
-2,0,0,-3,-3,-2,-2,-2,2021-08-07 12:55:07.316893
-1,-3,-1,-1,-3,-3,-3,-2,2021-08-07 12:55:07.317893
-2,-1,-2,-1,-2,-2,-3,-2,2021-08-07 12:55:07.317893
0,1,-1,-3,1,2,-1,-1,2021-08-07 12:55:07.329893
1,0,0,2,3,-1,1,-2,2021-08-07 12:55:07.329893
-2,-2,0,-1,-1,-1,-1,1,2021-08-07 12:55:07.336893
-2,0,-2,-1,0,1,-1,0,2021-08-07 12:55:07.336893
-1,-1,-2,-4,-5,-4,-2,0,2021-08-07 12:55:07.352893
-1,0,0,1,1,-1,-1,-1,2021-08-07 12:55:07.352893
-2,-1,-3,-4,-3,-3,-1,-2,2021-08-07 12:55:07.354893
1,-1,2,2,3,2,2,0,2021-08-07 12:55:07.354893
1,1,2,2,2,1,0,0,2021-08-07 12:55:07.375893
2,1,0,4,6,4,1,1,2021-08-07 12:55:07.375893
0,-1,-1,-2,-3,-4,-2,-1,2021-08-07 12:55:07.376894
-2,-4,-5,-7,-12,-7,-5,-4,2021-08-07 12:55:07.376894
-1,-4,-1,-2,-2,-1,-1,-2,2021-08-07 12:55:07.389892
2,2,2,0,2,1,3,1,2021-08-07 12:55:07.390893
0,0,1,4,7,4,1,-1,2021-08-07 12:55:07.396897
0,1,0,1,6,4,3,1,2021-08-07 12:55:07.396897
-2,0,1,-1,-1,-2,1,0,2021-08-07 12:55:07.412893
-2,-1,-1,-3,-7,-5,-4,-1,2021-08-07 12:55:07.412893
0,-2,0,0,-3,-1,-2,-1,2021-08-07 12:55:07.414895
-1,-2,-3,-1,-1,-3,-1,0,2021-08-07 12:55:07.414895
0,0,1,2,3,1,0,0,2021-08-07 12:55:07.435896
-1,-3,-2,-3,-2,-1,-2,-1,2021-08-07 12:55:07.435896
-1,0,0,-2,-2,-1,-2,-2,2021-08-07 12:55:07.436893
0,-1,0,-1,-1,1,-1,-2,2021-08-07 12:55:07.436893
-2,-1,0,0,-1,0,0,0,2021-08-07 12:55:07.449896
-1,-2,-1,-3,-5,-4,-2,-1,2021-08-07 12:55:07.449896
-2,-4,-4,-4,-3,-2,-2,-2,2021-08-07 12:55:07.456892
1,1,-1,-1,0,0,0,1,2021-08-07 12:55:07.456892
1,1,3,3,7,5,2,0,2021-08-07 12:55:07.472894
0,-1,-1,0,1,-1,1,-1,2021-08-07 12:55:07.472894
-2,-1,-4,-9,-14,-11,-5,-1,2021-08-07 12:55:07.474894
1,1,3,3,4,5,4,2,2021-08-07 12:55:07.474894
0,-1,-1,4,2,3,-1,-1,2021-08-07 12:55:07.495895
-1,-1,-3,-3,-1,1,1,0,2021-08-07 12:55:07.495895
0,1,2,2,2,2,0,0,2021-08-07 12:55:07.496893
-4,-2,-3,-8,-16,-8,-5,-3,2021-08-07 12:55:07.496893
-2,-1,0,2,3,2,-2,-1,2021-08-07 12:55:07.509893
0,0,0,1,4,2,-2,-1,2021-08-07 12:55:07.510896
1,0,1,0,0,-1,-2,-1,2021-08-07 12:55:07.516895
-1,-4,-2,-2,-4,-3,-3,-1,2021-08-07 12:55:07.516895
-3,-3,-5,-6,-5,-4,-1,-2,2021-08-07 12:55:07.532894
-2,-1,-1,1,3,1,0,0,2021-08-07 12:55:07.532894
-1,1,0,3,4,2,2,1,2021-08-07 12:55:07.534894
-1,-1,-2,0,0,-1,0,-1,2021-08-07 12:55:07.534894
-2,1,-3,-3,-9,-7,-5,-2,2021-08-07 12:55:07.555893
0,0,-1,-1,0,1,0,-1,2021-08-07 12:55:07.555893
0,0,0,0,6,2,2,1,2021-08-07 12:55:07.556893
1,1,1,3,4,1,-1,0,2021-08-07 12:55:07.556893
-4,-2,-2,-1,0,-1,0,-1,2021-08-07 12:55:07.569893
-2,-1,-2,-6,-16,-10,-7,-3,2021-08-07 12:55:07.569893
0,0,1,5,10,8,3,0,2021-08-07 12:55:07.576891
1,0,0,0,3,3,1,0,2021-08-07 12:55:07.576891
0,-1,-1,0,1,-2,0,0,2021-08-07 12:55:07.592892
-1,0,0,-2,-5,-3,-2,0,2021-08-07 12:55:07.593892
-4,-4,-3,-8,-18,-12,-6,-4,2021-08-07 12:55:07.594896
1,3,0,0,0,0,0,1,2021-08-07 12:55:07.594896
1,2,2,2,6,7,3,2,2021-08-07 12:55:07.615893
-2,-5,-4,-3,-2,-3,-2,-3,2021-08-07 12:55:07.615893
-1,-2,-3,-3,-5,-1,-1,-2,2021-08-07 12:55:07.616893
-1,1,3,0,2,0,-1,0,2021-08-07 12:55:07.616893
0,-1,0,-3,-3,-2,-1,0,2021-08-07 12:55:07.629893
1,1,1,1,1,1,1,0,2021-08-07 12:55:07.629893
0,-2,-2,-2,-1,-2,-1,0,2021-08-07 12:55:07.636894
-4,-2,-3,-6,-7,-5,-2,-5,2021-08-07 12:55:07.636894
-1,-4,-1,2,3,2,1,-2,2021-08-07 12:55:07.652891
1,-1,0,-3,-1,1,-1,0,2021-08-07 12:55:07.652891
2,4,3,2,3,3,1,3,2021-08-07 12:55:07.654892
-1,-1,-1,3,4,3,0,0,2021-08-07 12:55:07.654892
-1,-2,-4,-4,-7,-6,-5,-2,2021-08-07 12:55:07.675894
-1,-1,-1,1,-1,2,0,0,2021-08-07 12:55:07.675894
1,4,2,0,-4,-5,-3,0,2021-08-07 12:55:07.676894
-1,-2,-4,-3,-2,0,-1,-2,2021-08-07 12:55:07.676894
1,3,4,5,9,5,3,0,2021-08-07 12:55:07.697946
0,0,-1,3,8,3,1,-2,2021-08-07 12:55:07.697946
0,-1,0,1,3,0,1,0,2021-08-07 12:55:07.699944
-2,-3,-4,-8,-14,-11,-4,-1,2021-08-07 12:55:07.699944
-1,0,-2,0,4,3,0,-1,2021-08-07 12:55:07.720943
-1,0,0,-2,-3,-4,-1,0,2021-08-07 12:55:07.720943
0,-1,0,3,5,3,2,-1,2021-08-07 12:55:07.721942
-2,-3,-2,-4,-4,-4,-2,-2,2021-08-07 12:55:07.722943
2,1,0,-4,-9,-5,-3,-2,2021-08-07 12:55:07.735947
-1,-2,-3,-2,0,0,-1,1,2021-08-07 12:55:07.735947
-1,-1,-1,0,0,1,-1,-3,2021-08-07 12:55:07.736944
0,0,2,3,4,1,2,1,2021-08-07 12:55:07.736944
-2,-3,-3,-5,-8,-6,-4,-2,2021-08-07 12:55:07.757943
2,2,1,2,6,4,3,3,2021-08-07 12:55:07.758944
-3,-1,0,2,4,2,-1,-1,2021-08-07 12:55:07.759943
0,0,0,-1,3,1,1,2,2021-08-07 12:55:07.759943
0,3,3,6,3,0,2,2,2021-08-07 12:55:07.780944
-3,-1,-2,-5,-8,-6,-3,-3,2021-08-07 12:55:07.780944
-2,-2,-3,-3,-5,-4,-3,-1,2021-08-07 12:55:07.781943
1,2,3,-1,0,1,1,1,2021-08-07 12:55:07.781943
0,-1,-2,-1,2,0,0,1,2021-08-07 12:55:07.794944
-1,-1,-1,0,-3,-2,-1,-2,2021-08-07 12:55:07.794944
0,-1,-1,1,4,3,1,0,2021-08-07 12:55:07.801946
-3,-1,-1,-3,-4,-2,-3,-3,2021-08-07 12:55:07.801946
0,-1,0,-4,-4,-4,-1,-1,2021-08-07 12:55:07.817944
-1,-1,-1,-1,-3,-1,-1,-2,2021-08-07 12:55:07.817944
-1,2,0,2,3,4,2,1,2021-08-07 12:55:07.819946
0,-3,-1,0,1,-1,-2,-2,2021-08-07 12:55:07.819946
0,1,0,1,6,5,1,0,2021-08-07 12:55:07.847943
-2,-1,-2,-2,0,-2,-3,-3,2021-08-07 12:55:07.848946
-1,0,0,-5,-7,-6,-1,0,2021-08-07 12:55:07.849944
0,0,-1,1,1,1,1,1,2021-08-07 12:55:07.849944
-1,-1,-1,2,1,0,0,0,2021-08-07 12:55:07.854941
-1,-1,-1,-2,-2,-1,-2,-1,2021-08-07 12:55:07.854941
-2,-1,-2,-3,-5,-4,-1,-1,2021-08-07 12:55:07.861945
1,2,1,3,5,4,2,1,2021-08-07 12:55:07.861945
-2,-4,-4,-5,-6,-5,-2,-2,2021-08-07 12:55:07.877944
-1,-2,0,0,0,-1,0,0,2021-08-07 12:55:07.877944
-1,-2,-2,-2,-3,-2,-3,-3,2021-08-07 12:55:07.879944
1,2,2,0,0,2,0,1,2021-08-07 12:55:07.879944
0,0,1,0,0,0,-1,-2,2021-08-07 12:55:07.900944
0,0,-2,-2,-3,-3,-2,-1,2021-08-07 12:55:07.900944
2,-1,1,4,7,6,2,1,2021-08-07 12:55:07.901947
-2,-2,-2,-4,-6,-4,-1,-3,2021-08-07 12:55:07.901947
-1,-2,-2,-1,-2,-5,-1,-2,2021-08-07 12:55:07.914477
0,0,0,-5,-5,-1,-1,1,2021-08-07 12:55:07.915475
0,-1,2,9,17,5,3,1,2021-08-07 12:55:07.921475
0,1,-1,0,2,1,0,1,2021-08-07 12:55:07.921475
-2,-3,-2,-1,-3,0,-2,-1,2021-08-07 12:55:07.938477
-1,-2,-3,-1,0,1,0,0,2021-08-07 12:55:07.938477
-1,-1,-3,-8,-12,-7,-4,-1,2021-08-07 12:55:07.939474
1,0,2,6,9,5,4,1,2021-08-07 12:55:07.939474
-1,1,0,-5,-6,-3,-2,-1,2021-08-07 12:55:07.960474
-1,3,2,4,6,3,1,1,2021-08-07 12:55:07.961477
-1,-1,-2,-4,-5,-1,-1,-1,2021-08-07 12:55:07.962475
-3,-3,-3,-4,-6,-5,-4,-1,2021-08-07 12:55:07.962475
-1,-2,-3,-5,-5,-2,-3,-1,2021-08-07 12:55:07.974474
0,-1,-1,1,-1,0,0,0,2021-08-07 12:55:07.975475
-1,-2,0,0,0,0,0,-1,2021-08-07 12:55:07.981475
-1,-1,-2,-7,-6,-6,-4,-3,2021-08-07 12:55:07.981475
1,0,1,1,1,-1,-1,1,2021-08-07 12:55:07.998476
1,0,-1,2,9,5,1,1,2021-08-07 12:55:07.998476
-1,-1,0,0,-3,-1,-1,-2,2021-08-07 12:55:07.999475
-2,-2,-1,-1,0,-2,1,-2,2021-08-07 12:55:07.999475
-2,0,-1,-2,-2,-1,-1,0,2021-08-07 12:55:08.020475
0,-1,1,-2,-4,-4,0,-1,2021-08-07 12:55:08.020475
-1,-1,-1,0,0,-1,-1,1,2021-08-07 12:55:08.022475
0,-2,-3,-3,-2,-1,0,0,2021-08-07 12:55:08.022475
0,-2,-4,-2,-5,-2,-1,1,2021-08-07 12:55:08.034473
-2,-3,-3,-4,-5,-4,-1,-2,2021-08-07 12:55:08.035474
2,6,5,4,8,9,4,3,2021-08-07 12:55:08.041472
-4,-2,0,2,5,2,0,-3,2021-08-07 12:55:08.041472
-4,-3,-3,0,-1,-4,-2,-3,2021-08-07 12:55:08.058473
-1,-1,2,-4,-2,-1,-2,-1,2021-08-07 12:55:08.058473
-1,-3,-2,-4,-6,-6,-3,-2,2021-08-07 12:55:08.059475
2,2,1,0,0,-1,0,1,2021-08-07 12:55:08.060475
-1,0,-2,-1,-5,-4,0,0,2021-08-07 12:55:08.080473
-1,-1,-4,-1,1,0,-1,-1,2021-08-07 12:55:08.080473
1,0,-1,-1,-3,-3,-1,1,2021-08-07 12:55:08.082477
1,-2,-2,-1,-1,-1,-2,0,2021-08-07 12:55:08.082477
1,0,3,6,14,7,4,-1,2021-08-07 12:55:08.095475
-2,-1,-1,0,-4,-3,0,0,2021-08-07 12:55:08.095475
0,-2,-1,0,-6,-3,-1,-1,2021-08-07 12:55:08.101475
-2,-2,-3,1,2,0,-3,-3,2021-08-07 12:55:08.102474
-2,-2,-3,-7,-8,-5,-5,-3,2021-08-07 12:55:08.118476
-2,-1,0,0,1,-2,-2,-1,2021-08-07 12:55:08.118476
2,4,2,0,5,4,2,1,2021-08-07 12:55:08.119476
-1,0,-1,0,-2,-2,-1,-1,2021-08-07 12:55:08.119476
0,1,0,-1,-3,0,0,-1,2021-08-07 12:55:08.140477
0,1,-2,1,0,-1,-2,-2,2021-08-07 12:55:08.140477
-3,-2,-4,-8,-9,-6,-3,-2,2021-08-07 12:55:08.142474
2,3,3,1,2,4,2,2,2021-08-07 12:55:08.142474
-4,-2,-3,2,1,0,-1,-1,2021-08-07 12:55:08.154474
0,-1,0,2,0,0,0,0,2021-08-07 12:55:08.154474
0,2,2,1,5,2,0,-1,2021-08-07 12:55:08.163475
-1,0,1,1,2,2,1,-1,2021-08-07 12:55:08.163475
-2,-1,0,-2,0,0,-1,-2,2021-08-07 12:55:08.178476
-1,-1,-2,-3,-7,-4,-3,-3,2021-08-07 12:55:08.178476
0,1,1,2,2,2,2,0,2021-08-07 12:55:08.179477
0,-1,-1,0,-1,1,-1,-1,2021-08-07 12:55:08.180474
-1,-1,0,-5,-5,-2,-1,1,2021-08-07 12:55:08.200474
1,1,0,-1,0,1,2,0,2021-08-07 12:55:08.200474
-2,-5,-2,1,3,-1,-2,-2,2021-08-07 12:55:08.202476
-2,-1,-5,-6,-8,-4,-3,0,2021-08-07 12:55:08.202476
1,1,2,-4,-5,-4,-2,0,2021-08-07 12:55:08.214474
0,0,2,0,5,5,4,2,2021-08-07 12:55:08.214474
0,1,3,3,4,-2,-1,-1,2021-08-07 12:55:08.223479
0,1,-1,1,2,1,2,0,2021-08-07 12:55:08.223479
-2,-2,-3,0,2,-1,-1,-2,2021-08-07 12:55:08.238474
1,-1,0,-2,-6,-1,-2,0,2021-08-07 12:55:08.238474
-2,-2,-3,-4,-5,-3,-1,-1,2021-08-07 12:55:08.239475
-2,-4,0,-2,-4,-5,-4,-4,2021-08-07 12:55:08.239475
0,0,0,-2,-1,1,0,-1,2021-08-07 12:55:08.260475
-1,0,1,4,7,4,2,0,2021-08-07 12:55:08.260475
-1,-3,-3,-2,-1,-1,-1,-3,2021-08-07 12:55:08.268477
0,0,1,-1,-2,-5,0,-1,2021-08-07 12:55:08.268477
1,0,0,0,-2,-1,0,-1,2021-08-07 12:55:08.274474
0,1,-2,0,2,0,1,1,2021-08-07 12:55:08.274474
-1,-1,1,6,6,5,2,-1,2021-08-07 12:55:08.283478
-3,-4,-3,-5,-5,-4,-3,-2,2021-08-07 12:55:08.283478
0,1,1,-2,-4,-2,-2,-1,2021-08-07 12:55:08.298476
0,1,0,1,4,1,1,1,2021-08-07 12:55:08.298476
0,0,0,-2,0,3,1,1,2021-08-07 12:55:08.299476
-1,-4,-2,-2,0,-1,-2,-2,2021-08-07 12:55:08.299476
-1,-3,-2,0,3,3,2,-2,2021-08-07 12:55:08.320476
1,1,2,0,0,-1,-1,0,2021-08-07 12:55:08.320476
-2,-1,-3,-5,-5,-5,-1,-1,2021-08-07 12:55:08.326474
-2,1,3,2,-1,0,1,0,2021-08-07 12:55:08.327475
-2,-1,-3,-4,-3,-2,-1,-1,2021-08-07 12:55:08.334476
-2,-3,-2,-6,-10,-6,-2,-2,2021-08-07 12:55:08.334476
-2,-3,-2,2,2,-1,-2,-1,2021-08-07 12:55:08.343474
2,1,3,1,6,2,0,1,2021-08-07 12:55:08.343474
0,-1,1,-4,-6,-6,-3,0,2021-08-07 12:55:08.373512
-2,-1,-2,0,3,3,2,-1,2021-08-07 12:55:08.373512
1,1,1,-6,-12,-8,-3,-2,2021-08-07 12:55:08.374513
1,0,1,6,14,9,4,2,2021-08-07 12:55:08.374513
-1,0,-2,-1,3,0,-1,-2,2021-08-07 12:55:08.380510
-1,-2,-1,-1,-3,-3,-2,-2,2021-08-07 12:55:08.380510
-3,-3,-3,-8,-11,-7,-5,-2,2021-08-07 12:55:08.382512
1,-1,-5,-7,-12,-6,-4,-2,2021-08-07 12:55:08.382512
2,1,4,9,18,13,6,2,2021-08-07 12:55:08.394513
0,3,2,1,-2,-2,0,-1,2021-08-07 12:55:08.394513
0,1,1,2,2,1,2,3,2021-08-07 12:55:08.403510
-3,-3,-1,-5,-9,-5,-2,-1,2021-08-07 12:55:08.403510
-3,-5,-6,-5,-6,-5,-3,-2,2021-08-07 12:55:08.418514
0,-2,-1,1,2,1,0,-3,2021-08-07 12:55:08.418514
-1,0,0,4,5,4,2,1,2021-08-07 12:55:08.419513
0,0,0,-2,-4,-2,-2,1,2021-08-07 12:55:08.419513
-2,-2,-4,-3,-5,-4,-3,-1,2021-08-07 12:55:08.440510
-1,-1,0,3,2,-1,-1,-1,2021-08-07 12:55:08.440510
1,-1,-1,0,2,1,0,0,2021-08-07 12:55:08.442511
-2,-3,-5,-3,-3,-4,-2,-2,2021-08-07 12:55:08.442511
2,2,3,4,11,8,5,4,2021-08-07 12:55:08.454511
0,1,0,-2,-5,-5,-3,-1,2021-08-07 12:55:08.454511
-1,-2,-2,-7,-7,-2,0,-2,2021-08-07 12:55:08.463513
2,1,2,6,6,4,2,0,2021-08-07 12:55:08.463513
-2,-2,-2,-2,-4,-4,-2,-2,2021-08-07 12:55:08.478513
-1,-1,0,0,-1,2,-1,-1,2021-08-07 12:55:08.478513
0,-2,-2,-3,-7,-8,-4,-4,2021-08-07 12:55:08.479514
-1,0,-1,-2,-3,1,0,0,2021-08-07 12:55:08.479514
1,-1,0,-3,0,1,0,-1,2021-08-07 12:55:08.508512
-1,-1,-1,0,1,1,-1,0,2021-08-07 12:55:08.508512
-1,2,1,2,3,2,0,2,2021-08-07 12:55:08.509512
-1,-1,-1,0,-1,0,0,-2,2021-08-07 12:55:08.509512
-2,0,-1,-3,-6,-4,-4,-3,2021-08-07 12:55:08.514514
2,0,-2,-3,2,1,2,2,2021-08-07 12:55:08.514514
-1,-1,-2,-2,-1,1,0,1,2021-08-07 12:55:08.523512
-1,-1,-1,1,2,-1,0,0,2021-08-07 12:55:08.523512
-2,-2,-2,-4,-5,-2,-2,-2,2021-08-07 12:55:08.538514
-3,-1,-3,-5,-3,-2,-1,-3,2021-08-07 12:55:08.538514
-1,1,0,3,6,3,1,-1,2021-08-07 12:55:08.539512
-2,-2,-1,-2,-3,-2,-2,-1,2021-08-07 12:55:08.539512
1,-3,-1,-2,-2,-2,-1,0,2021-08-07 12:55:08.560513
1,0,0,0,-4,-2,-1,0,2021-08-07 12:55:08.560513
0,-1,0,-2,3,0,-1,0,2021-08-07 12:55:08.562513
-2,0,0,0,-1,-3,-2,-1,2021-08-07 12:55:08.562513
0,-1,0,1,3,4,1,1,2021-08-07 12:55:08.574513
0,-1,-1,2,3,0,-1,-2,2021-08-07 12:55:08.574513
-2,-2,-2,-4,-8,-5,-3,-1,2021-08-07 12:55:08.583034
0,-1,-2,-2,-4,-1,-2,-1,2021-08-07 12:55:08.583034
1,1,-2,3,4,2,1,0,2021-08-07 12:55:08.606032
-1,-1,-1,-2,-2,-1,-1,0,2021-08-07 12:55:08.606032
0,-2,0,1,3,1,0,0,2021-08-07 12:55:08.607033
0,-1,-1,-2,-4,-3,-2,-1,2021-08-07 12:55:08.607033
-1,1,0,1,-3,-3,-1,0,2021-08-07 12:55:08.621035
-1,-2,-1,-2,-1,0,-1,0,2021-08-07 12:55:08.621035
-2,-2,-2,-1,-4,-4,-2,-3,2021-08-07 12:55:08.622032
-1,-2,-1,0,0,1,-2,0,2021-08-07 12:55:08.622032
1,1,-1,3,4,-1,0,0,2021-08-07 12:55:08.643034
0,-2,-2,0,-1,-1,0,-1,2021-08-07 12:55:08.643034
1,1,1,0,4,1,0,0,2021-08-07 12:55:08.645037
0,-1,-1,0,-1,-1,-1,-2,2021-08-07 12:55:08.645037
-1,0,4,8,-1,-1,-1,0,2021-08-07 12:55:08.658034
-4,-1,0,-8,-4,-1,-2,-2,2021-08-07 12:55:08.658034
-1,-1,-4,-9,-3,1,-1,0,2021-08-07 12:55:08.660034
0,0,-4,-8,-4,-1,0,-1,2021-08-07 12:55:08.660034
-3,-3,-1,-5,-6,-5,-4,-3,2021-08-07 12:55:08.681035
2,-1,2,9,4,0,0,0,2021-08-07 12:55:08.681035
0,1,2,6,6,1,0,1,2021-08-07 12:55:08.682037
2,1,0,-6,-1,-1,-1,3,2021-08-07 12:55:08.682037
-1,1,0,-3,-7,-4,-3,-1,2021-08-07 12:55:08.703036
-1,-1,-2,-5,-6,-2,-1,-1,2021-08-07 12:55:08.703036
0,0,2,10,4,3,0,1,2021-08-07 12:55:08.705034
1,0,-1,2,6,5,2,-1,2021-08-07 12:55:08.705034
1,0,0,0,3,1,0,0,2021-08-07 12:55:08.718034
0,-1,-1,-3,-2,-4,-3,0,2021-08-07 12:55:08.718034
1,-1,-3,-2,-8,-4,-3,-2,2021-08-07 12:55:08.720034
-1,1,2,6,7,2,0,-1,2021-08-07 12:55:08.720034
-2,0,-2,-5,-2,0,1,-1,2021-08-07 12:55:08.741034
-1,1,-1,1,0,-1,-1,-1,2021-08-07 12:55:08.741034
0,-2,-4,-9,-10,-7,-4,-2,2021-08-07 12:55:08.742033
0,0,1,3,5,4,2,0,2021-08-07 12:55:08.742033
-2,-2,-4,-4,-3,-1,-1,-2,2021-08-07 12:55:08.763031
1,0,1,0,1,1,1,-1,2021-08-07 12:55:08.763031
0,-2,0,-3,0,1,1,1,2021-08-07 12:55:08.765033
-2,-3,-2,-6,-7,-7,-4,-2,2021-08-07 12:55:08.765033
0,-2,-2,-1,0,0,-1,-1,2021-08-07 12:55:08.778035
-1,0,-1,-2,0,0,-2,0,2021-08-07 12:55:08.778035
2,0,1,0,5,5,0,0,2021-08-07 12:55:08.784033
0,-2,0,0,-1,-1,-2,0,2021-08-07 12:55:08.784033
-1,-2,-1,-2,-4,-4,-3,-2,2021-08-07 12:55:08.800032
0,-2,-2,-6,-5,-4,-2,0,2021-08-07 12:55:08.801036
1,4,2,3,6,6,3,3,2021-08-07 12:55:08.807035
1,4,4,5,6,3,3,2,2021-08-07 12:55:08.807035
0,1,-2,-1,-1,0,1,-1,2021-08-07 12:55:08.823032
0,1,0,2,2,1,-2,-2,2021-08-07 12:55:08.823032
-3,-4,-2,-2,-3,-5,-2,-5,2021-08-07 12:55:08.825033
-3,-2,-1,-5,-8,-6,-3,-5,2021-08-07 12:55:08.825033
-2,-1,1,0,-2,-2,-1,-1,2021-08-07 12:55:08.837032
0,-1,-4,-1,-3,0,-2,0,2021-08-07 12:55:08.837032
0,1,-1,-3,-5,-3,-1,0,2021-08-07 12:55:08.846033
1,-3,-3,0,2,0,0,1,2021-08-07 12:55:08.846033
-1,-3,-5,-1,-1,1,1,-1,2021-08-07 12:55:08.861034
-1,-1,3,6,7,6,2,-3,2021-08-07 12:55:08.861034
-1,-1,0,4,6,2,0,-1,2021-08-07 12:55:08.862035
-2,-1,-2,-8,-10,-5,-4,-2,2021-08-07 12:55:08.862035
-1,-1,0,0,2,-1,-2,0,2021-08-07 12:55:08.883031
-1,2,4,-1,-2,-2,-2,0,2021-08-07 12:55:08.884037
-2,0,-2,-2,-2,-2,-1,-2,2021-08-07 12:55:08.885035
-1,2,-2,1,-1,0,-1,0,2021-08-07 12:55:08.885035
1,2,1,3,5,2,2,1,2021-08-07 12:55:08.897032
1,-1,-2,-4,-2,2,1,-2,2021-08-07 12:55:08.898033
-1,0,1,-1,-4,-3,-1,1,2021-08-07 12:55:08.904033
-1,-3,-3,0,1,0,0,-2,2021-08-07 12:55:08.904033
-2,-2,-1,-2,-3,-1,-1,-1,2021-08-07 12:55:08.921034
-2,-2,-2,-1,0,0,-1,0,2021-08-07 12:55:08.921034
0,-2,-1,-1,-2,-2,-1,0,2021-08-07 12:55:08.922033
-1,-1,-2,-3,0,2,1,0,2021-08-07 12:55:08.922033
1,1,0,0,-2,-1,-1,0,2021-08-07 12:55:08.943032
1,1,3,2,1,0,0,3,2021-08-07 12:55:08.943032
-2,-3,-1,-2,-4,-1,-2,-2,2021-08-07 12:55:08.945033
-4,-4,-1,4,2,-2,-1,-2,2021-08-07 12:55:08.945033
1,1,1,-9,-13,-8,-3,-2,2021-08-07 12:55:08.957032
2,1,-2,1,4,4,5,1,2021-08-07 12:55:08.958032
1,2,3,4,7,3,3,0,2021-08-07 12:55:08.964032
-2,-1,-2,-3,-3,-2,-2,-1,2021-08-07 12:55:08.965037
-2,-1,0,1,1,1,-1,-1,2021-08-07 12:55:08.981032
-1,0,-1,-7,-11,-7,-2,0,2021-08-07 12:55:08.981032
-1,0,1,1,3,1,0,-1,2021-08-07 12:55:08.982032
0,-2,0,-3,-3,-1,-2,0,2021-08-07 12:55:08.982032
-2,-1,-3,-2,-2,-2,-2,-2,2021-08-07 12:55:09.003033
0,-1,0,-1,0,-1,0,-2,2021-08-07 12:55:09.003033
-2,-3,-2,-3,-5,-3,-3,-2,2021-08-07 12:55:09.004034
-1,-1,-1,1,1,0,0,-1,2021-08-07 12:55:09.005033
-1,0,-2,-2,-1,0,-1,-1,2021-08-07 12:55:09.017032
0,-1,1,3,3,-2,-1,-1,2021-08-07 12:55:09.018033
1,0,1,-1,1,1,0,0,2021-08-07 12:55:09.024032
1,0,-1,-1,-2,-3,0,0,2021-08-07 12:55:09.024032
-2,-2,0,2,4,1,0,0,2021-08-07 12:55:09.041034
-1,-1,-2,-3,0,-1,-1,0,2021-08-07 12:55:09.041034
1,-1,0,-2,-3,-2,-2,-1,2021-08-07 12:55:09.042033
-3,-1,-2,-2,-1,-1,-2,-1,2021-08-07 12:55:09.042033
-1,0,-2,-1,1,1,0,0,2021-08-07 12:55:09.063032
0,0,1,2,0,0,0,-1,2021-08-07 12:55:09.063032
0,0,-2,-1,0,-2,0,-1,2021-08-07 12:55:09.065033
1,-2,0,2,1,-1,-1,-1,2021-08-07 12:55:09.065033
2,1,0,-1,1,1,1,1,2021-08-07 12:55:09.077033
1,-1,-1,-4,-3,-2,-2,-3,2021-08-07 12:55:09.078037
0,0,-3,-6,-3,-2,0,-1,2021-08-07 12:55:09.084031
-1,-2,0,1,-1,-1,1,-2,2021-08-07 12:55:09.084031
-1,0,0,1,-2,2,1,0,2021-08-07 12:55:09.101036
0,1,-2,0,1,0,-1,1,2021-08-07 12:55:09.101036
-1,-1,-2,-5,-7,-2,-2,-1,2021-08-07 12:55:09.102034
0,-1,0,5,7,3,0,0,2021-08-07 12:55:09.102034
0,1,4,4,7,4,2,2,2021-08-07 12:55:09.123034
-1,0,-3,-3,-4,-2,0,-3,2021-08-07 12:55:09.123034
-1,-1,-1,-3,-7,-4,-1,-3,2021-08-07 12:55:09.125032
0,-1,1,-1,6,6,3,0,2021-08-07 12:55:09.125032
0,-1,0,0,2,1,-2,-1,2021-08-07 12:55:09.137034
-4,-2,-1,-1,-2,-2,-3,-2,2021-08-07 12:55:09.137034
1,0,-2,3,1,1,0,1,2021-08-07 12:55:09.146034
-1,0,0,-3,-7,-5,-1,-1,2021-08-07 12:55:09.146034
-3,-4,-1,-8,-8,-6,-2,-2,2021-08-07 12:55:09.161035
0,0,2,5,4,1,1,2,2021-08-07 12:55:09.161035
-2,-1,-1,1,0,3,0,-1,2021-08-07 12:55:09.162036
-1,-2,-1,-4,-3,-2,-1,0,2021-08-07 12:55:09.162036
2,2,0,-1,-5,-2,1,1,2021-08-07 12:55:09.183032
0,1,2,2,1,1,0,-1,2021-08-07 12:55:09.183032
0,-1,3,5,9,2,1,2,2021-08-07 12:55:09.185037
-1,-2,0,-4,-4,-4,-4,-3,2021-08-07 12:55:09.185037
-1,0,-2,-4,-9,-6,-2,-3,2021-08-07 12:55:09.197037
-1,0,1,-3,-1,2,2,1,2021-08-07 12:55:09.197037
-1,-1,1,6,9,3,3,-1,2021-08-07 12:55:09.206034
3,0,1,-4,-2,0,2,1,2021-08-07 12:55:09.206034
-1,-4,-4,-3,-3,-6,-3,-2,2021-08-07 12:55:09.220033
-1,1,1,-3,-5,-4,-2,-1,2021-08-07 12:55:09.221032
0,-1,-2,-1,0,-2,-3,0,2021-08-07 12:55:09.227033
-2,1,-1,2,-1,0,-1,1,2021-08-07 12:55:09.227033
-1,-3,-3,-4,-2,0,-1,-1,2021-08-07 12:55:09.243034
-1,-3,-1,0,-1,-2,0,0,2021-08-07 12:55:09.243034
0,1,1,0,1,0,0,1,2021-08-07 12:55:09.245033
0,-1,-1,-1,-1,-1,0,0,2021-08-07 12:55:09.245033
-1,1,0,6,5,2,-1,1,2021-08-07 12:55:09.257032
0,2,1,14,10,5,3,2,2021-08-07 12:55:09.257032
-1,0,1,-12,-7,-3,-2,-1,2021-08-07 12:55:09.266034
-4,-2,-3,-11,-10,-6,-3,-2,2021-08-07 12:55:09.266034
-3,-5,-3,1,-1,-2,-4,-3,2021-08-07 12:55:09.281035
3,5,4,18,7,2,3,1,2021-08-07 12:55:09.281035
-1,0,-4,-17,-11,-2,-1,-1,2021-08-07 12:55:09.282035
-3,-4,-5,-18,-8,-5,-3,-4,2021-08-07 12:55:09.282035
-2,-2,-4,-6,-1,0,-1,-1,2021-08-07 12:55:09.303034
1,0,1,10,3,-2,-2,-1,2021-08-07 12:55:09.303034
0,3,7,19,12,5,1,1,2021-08-07 12:55:09.305036
0,-1,-10,-8,-3,-1,-1,-1,2021-08-07 12:55:09.305036
-1,-1,3,4,-1,0,-1,0,2021-08-07 12:55:09.317034
0,-3,5,-1,-5,-1,-2,-2,2021-08-07 12:55:09.317034
-2,-2,-3,-7,-7,-4,-1,-2,2021-08-07 12:55:09.326033
-1,-2,-11,-9,1,0,1,-2,2021-08-07 12:55:09.326033
2,0,2,6,5,2,2,2,2021-08-07 12:55:09.341034
-2,-2,-3,-7,-2,0,-2,0,2021-08-07 12:55:09.341034
-1,-2,4,8,0,-1,-2,-1,2021-08-07 12:55:09.342036
0,3,7,15,3,0,0,0,2021-08-07 12:55:09.342036
-3,-2,-7,-10,-5,-1,1,-1,2021-08-07 12:55:09.363033
0,-1,-1,-9,-3,0,-1,-1,2021-08-07 12:55:09.363033
0,0,0,-2,-1,1,1,0,2021-08-07 12:55:09.365035
0,0,2,11,4,-1,-1,-1,2021-08-07 12:55:09.365035
1,2,3,5,4,0,0,-1,2021-08-07 12:55:09.377033
-2,-3,-4,-10,-7,-4,-2,-2,2021-08-07 12:55:09.377033
-5,-5,-9,-7,-8,-7,-5,-4,2021-08-07 12:55:09.386034
1,3,6,6,3,5,2,2,2021-08-07 12:55:09.386034
3,4,5,5,9,6,2,1,2021-08-07 12:55:09.401034
-2,-5,-8,-8,-5,-4,-3,-3,2021-08-07 12:55:09.401034
0,1,-1,0,3,2,1,2,2021-08-07 12:55:09.402034
-2,-2,0,-2,-2,-2,-2,0,2021-08-07 12:55:09.402034
-1,-1,-1,-4,-5,-1,-1,-1,2021-08-07 12:55:09.423034
-1,-2,-4,-2,-1,-1,-1,-1,2021-08-07 12:55:09.423034
2,0,-1,1,-2,-2,-1,1,2021-08-07 12:55:09.425034
0,1,3,6,7,3,1,0,2021-08-07 12:55:09.425034
-1,-1,-3,-11,-5,-2,-1,-1,2021-08-07 12:55:09.437033
0,0,-2,-2,0,-2,-1,-1,2021-08-07 12:55:09.437033
0,-4,-3,-1,-2,-3,-1,-3,2021-08-07 12:55:09.446034
-1,-1,1,3,2,2,1,-1,2021-08-07 12:55:09.446034
1,4,4,6,3,1,1,3,2021-08-07 12:55:09.461034
0,-1,1,-3,-2,0,0,-1,2021-08-07 12:55:09.461034
-2,-4,-4,-6,-10,-8,-4,-1,2021-08-07 12:55:09.462035
0,0,1,-3,-5,-3,-2,-1,2021-08-07 12:55:09.462035
-1,-3,-5,3,5,3,0,-3,2021-08-07 12:55:09.483034
-4,-4,-3,-4,-4,-3,-2,-1,2021-08-07 12:55:09.483034
2,4,0,0,2,2,1,2,2021-08-07 12:55:09.485035
0,-1,-2,-5,-7,-3,-2,0,2021-08-07 12:55:09.485035
-1,-2,0,-4,-4,-3,-1,-3,2021-08-07 12:55:09.506033
0,-1,-2,-2,1,0,-2,-1,2021-08-07 12:55:09.506033
0,-1,0,7,6,2,0,-1,2021-08-07 12:55:09.507034
0,-1,-2,-4,-4,-3,0,0,2021-08-07 12:55:09.507034
0,-2,-2,-2,3,1,-1,0,2021-08-07 12:55:09.521036
-1,1,1,3,5,1,1,0,2021-08-07 12:55:09.521036
-3,-4,1,-4,-6,-3,-4,-4,2021-08-07 12:55:09.522033
-3,-3,-2,-2,-4,-2,-3,-2,2021-08-07 12:55:09.522033
1,2,1,3,1,-1,1,2,2021-08-07 12:55:09.543031
0,-1,0,-1,-1,-3,-1,0,2021-08-07 12:55:09.543031
-1,-1,-2,-3,-6,-4,-3,-1,2021-08-07 12:55:09.545033
-1,-1,-1,-1,-2,0,0,-2,2021-08-07 12:55:09.545033
-2,-3,-1,1,4,2,0,-1,2021-08-07 12:55:09.566034
1,1,-1,-2,-2,1,1,0,2021-08-07 12:55:09.566034
0,-1,1,0,0,-1,0,-1,2021-08-07 12:55:09.567033
-3,-4,-3,-8,-8,-5,-3,-3,2021-08-07 12:55:09.567033
0,0,1,5,5,2,1,-1,2021-08-07 12:55:09.581033
0,-2,-1,1,5,4,1,0,2021-08-07 12:55:09.581033
1,1,1,7,7,2,2,1,2021-08-07 12:55:09.582034
-1,-3,1,-6,-3,-3,-3,-2,2021-08-07 12:55:09.582034
0,1,-1,-6,-4,-2,-2,-1,2021-08-07 12:55:09.603034
-1,0,-2,-5,-8,-7,-3,-2,2021-08-07 12:55:09.603034
0,0,-2,1,7,5,0,-2,2021-08-07 12:55:09.605034
2,1,3,6,5,0,1,0,2021-08-07 12:55:09.605034
-1,-1,-1,-1,-5,-3,0,-1,2021-08-07 12:55:09.626030
-2,-1,0,-1,-2,-3,-1,-2,2021-08-07 12:55:09.626030
-2,-4,-3,-2,-3,-3,-4,-3,2021-08-07 12:55:09.627033
3,4,4,1,3,3,2,2,2021-08-07 12:55:09.627033
1,-1,-2,1,2,1,1,0,2021-08-07 12:55:09.641033
-2,-1,-1,0,1,-1,-2,-2,2021-08-07 12:55:09.641033
-1,-2,-1,-1,-1,0,1,-2,2021-08-07 12:55:09.642032
0,1,0,2,2,1,-1,1,2021-08-07 12:55:09.642032
-2,-2,-4,-3,-7,-6,-3,-3,2021-08-07 12:55:09.663032
-1,-2,-2,-5,-7,-4,-4,-2,2021-08-07 12:55:09.663032
1,-2,-2,-5,-3,0,-1,-1,2021-08-07 12:55:09.665034
0,2,2,11,10,5,2,2,2021-08-07 12:55:09.665034
-1,-1,2,4,4,-1,0,2,2021-08-07 12:55:09.686036
0,-3,-5,-6,-5,0,-1,0,2021-08-07 12:55:09.686036
0,-2,-4,-7,-7,-5,-1,1,2021-08-07 12:55:09.692035
-1,-4,-5,-5,-9,-5,-2,-1,2021-08-07 12:55:09.692035
-2,0,0,4,4,3,2,-1,2021-08-07 12:55:09.700032
-2,0,1,3,6,0,1,-2,2021-08-07 12:55:09.700032
-3,-2,1,-1,-1,0,-2,-3,2021-08-07 12:55:09.714032
-1,-2,0,-5,-10,-8,-5,-3,2021-08-07 12:55:09.714032
0,-1,0,-2,-1,1,-2,0,2021-08-07 12:55:09.723092
1,3,0,7,10,6,3,4,2021-08-07 12:55:09.723092
1,2,0,7,3,-1,1,0,2021-08-07 12:55:09.725090
-2,-1,-1,-6,-1,-2,-1,0,2021-08-07 12:55:09.725090
-1,0,-4,-14,-13,-6,-4,0,2021-08-07 12:55:09.746093
-2,-2,-3,-8,-8,-3,-1,-2,2021-08-07 12:55:09.746093
2,6,4,9,15,9,4,2,2021-08-07 12:55:09.747091
-2,-2,-1,3,0,0,-1,-2,2021-08-07 12:55:09.747091
-2,0,0,-3,-3,-1,-1,-2,2021-08-07 12:55:09.760095
0,0,0,3,4,5,1,1,2021-08-07 12:55:09.760095
-2,-4,-3,-3,-7,-4,-3,-2,2021-08-07 12:55:09.767092
1,-2,1,-1,-1,-1,0,1,2021-08-07 12:55:09.767092
0,-2,-4,-2,-3,-3,0,-1,2021-08-07 12:55:09.791091
-1,0,-1,1,1,-1,0,1,2021-08-07 12:55:09.791091
0,1,2,3,2,4,2,0,2021-08-07 12:55:09.792091
-1,0,-2,-2,2,2,1,-2,2021-08-07 12:55:09.792091
-3,-4,-4,-5,-6,-5,-3,-2,2021-08-07 12:55:09.813090
1,1,1,-1,-1,0,1,0,2021-08-07 12:55:09.813090
0,0,0,0,1,-1,2,0,2021-08-07 12:55:09.815092
-2,-1,-2,-1,-3,-3,-3,0,2021-08-07 12:55:09.815092
0,-1,-1,-5,-1,2,0,-2,2021-08-07 12:55:09.820093
-2,-1,-6,-2,-4,-1,-2,0,2021-08-07 12:55:09.820093
0,-1,0,-4,-2,-4,0,0,2021-08-07 12:55:09.827091
1,0,0,5,2,1,1,1,2021-08-07 12:55:09.827091
-1,0,4,9,5,1,2,-1,2021-08-07 12:55:09.843090
1,0,1,-2,2,1,-2,0,2021-08-07 12:55:09.843090
-3,-2,-3,-5,-6,-4,-4,-3,2021-08-07 12:55:09.845093
-3,-4,-4,-6,-5,-3,-3,-4,2021-08-07 12:55:09.845093
-1,1,0,3,3,0,-2,-1,2021-08-07 12:55:09.865090
-1,-1,0,-4,-8,-7,-2,-2,2021-08-07 12:55:09.866090
-1,-1,-1,3,7,5,0,1,2021-08-07 12:55:09.867090
-1,1,-2,-2,1,1,0,1,2021-08-07 12:55:09.867090
1,-1,0,2,0,-1,-2,0,2021-08-07 12:55:09.880091
1,2,1,5,8,5,1,1,2021-08-07 12:55:09.880091
-1,-2,-2,-3,-9,-5,-4,-2,2021-08-07 12:55:09.887091
-2,-1,-2,-3,-1,-1,-1,-1,2021-08-07 12:55:09.887091
0,1,0,7,6,5,1,1,2021-08-07 12:55:09.903091
-3,-4,-2,-18,-11,-5,-3,-2,2021-08-07 12:55:09.903091
-2,-3,-6,-5,1,0,-2,-2,2021-08-07 12:55:09.905092
0,0,3,14,7,-1,1,1,2021-08-07 12:55:09.905092
-2,0,4,11,2,-2,-2,-2,2021-08-07 12:55:09.926090
3,3,3,-15,-8,1,-1,0,2021-08-07 12:55:09.926090
-4,-3,-6,-9,-6,-3,-2,-3,2021-08-07 12:55:09.927091
2,1,6,-13,1,5,3,2,2021-08-07 12:55:09.927091
-3,-6,-20,-10,-10,-9,-5,-3,2021-08-07 12:55:09.939611
1,1,7,22,13,6,3,1,2021-08-07 12:55:09.939611
1,1,0,-4,-1,-1,-1,-2,2021-08-07 12:55:09.946610
-2,0,1,10,3,1,0,-2,2021-08-07 12:55:09.946610
2,2,5,-1,1,2,3,1,2021-08-07 12:55:09.963614
0,0,-2,2,0,-2,0,0,2021-08-07 12:55:09.963614
-1,-1,0,-1,-7,-6,-2,0,2021-08-07 12:55:09.964611
-4,-5,-5,-7,-8,-6,-4,-6,2021-08-07 12:55:09.964611
4,5,5,8,19,13,8,5,2021-08-07 12:55:09.985612
-2,-2,-5,0,1,-1,-1,-1,2021-08-07 12:55:09.985612
-2,-2,0,-1,1,-2,-1,0,2021-08-07 12:55:09.987614
-1,0,-4,-6,-9,-7,-4,-2,2021-08-07 12:55:09.987614
-2,-4,-3,-8,-8,-4,-2,-1,2021-08-07 12:55:09.999611
2,1,3,-1,-5,-4,-1,1,2021-08-07 12:55:10.000611
0,-2,0,-1,-1,2,-1,1,2021-08-07 12:55:10.006609
1,0,-1,3,9,7,3,-1,2021-08-07 12:55:10.006609
-1,0,0,0,0,2,-1,-1,2021-08-07 12:55:10.022610
0,1,3,7,8,5,3,0,2021-08-07 12:55:10.023613
-1,-2,-1,-1,-7,-5,-2,-1,2021-08-07 12:55:10.024611
-2,-1,-2,0,-3,-2,-1,0,2021-08-07 12:55:10.024611
0,0,-1,-10,-8,-3,-2,-2,2021-08-07 12:55:10.045613
-4,-6,-6,-2,-3,-5,-3,-3,2021-08-07 12:55:10.045613
3,4,3,1,1,3,2,3,2021-08-07 12:55:10.047611
1,0,2,7,9,3,2,1,2021-08-07 12:55:10.047611
0,-1,2,-1,-5,-4,-3,-1,2021-08-07 12:55:10.059613
1,0,-1,-5,-3,-3,0,-1,2021-08-07 12:55:10.059613
-3,-1,-5,-2,-3,-3,-1,-2,2021-08-07 12:55:10.068612
1,0,1,1,-2,1,1,1,2021-08-07 12:55:10.068612
-1,-1,-1,1,0,-1,-3,-1,2021-08-07 12:55:10.083614
-2,2,0,3,3,1,0,-1,2021-08-07 12:55:10.083614
-1,-2,1,1,1,-1,-1,-2,2021-08-07 12:55:10.084616
0,-2,-4,-9,-8,-3,-2,0,2021-08-07 12:55:10.084616
-1,0,2,3,1,1,0,1,2021-08-07 12:55:10.105611
-1,-1,-3,0,-3,-2,0,-1,2021-08-07 12:55:10.105611
0,0,-1,-1,0,-1,1,-1,2021-08-07 12:55:10.106618
0,2,0,-2,0,-1,-1,0,2021-08-07 12:55:10.107611
1,-1,0,-2,-3,0,0,0,2021-08-07 12:55:10.119613
-2,-3,-1,1,1,-2,-1,-1,2021-08-07 12:55:10.119613
-2,-3,-3,-4,-5,-3,-3,-4,2021-08-07 12:55:10.128611
0,0,-2,0,1,0,0,-1,2021-08-07 12:55:10.128611
0,-1,-1,0,2,0,0,0,2021-08-07 12:55:10.142611
0,-1,-1,-2,-3,-4,-3,1,2021-08-07 12:55:10.143612
-2,-3,-4,-8,-8,-5,-4,-3,2021-08-07 12:55:10.144613
-1,0,0,4,7,4,2,1,2021-08-07 12:55:10.144613
0,2,1,2,3,3,2,1,2021-08-07 12:55:10.165612
-2,-3,-4,-2,-4,-2,0,-2,2021-08-07 12:55:10.165612
1,0,2,-2,0,-3,-1,-1,2021-08-07 12:55:10.167612
-2,-2,-5,-8,-9,-3,-3,-2,2021-08-07 12:55:10.167612
0,0,2,6,3,-1,-1,1,2021-08-07 12:55:10.179613
-1,1,0,1,0,0,-1,-1,2021-08-07 12:55:10.179613
-2,-1,-2,5,1,2,-2,0,2021-08-07 12:55:10.188612
0,-2,1,-2,-2,-1,0,0,2021-08-07 12:55:10.188612
-2,0,-1,-7,-2,-1,-1,0,2021-08-07 12:55:10.202613
-1,-1,-3,-4,-5,-3,-1,-1,2021-08-07 12:55:10.203613
0,-2,-2,-2,-4,-3,-3,-1,2021-08-07 12:55:10.204612
0,2,2,10,9,5,3,-1,2021-08-07 12:55:10.204612
0,-1,-1,-1,-1,-2,-1,-1,2021-08-07 12:55:10.225611
-1,-1,-1,-3,-1,0,0,-2,2021-08-07 12:55:10.225611
-2,-2,-2,1,0,1,0,-1,2021-08-07 12:55:10.227611
-2,-2,-1,-7,-8,-4,-2,0,2021-08-07 12:55:10.227611
-1,-2,-3,-4,-9,-6,-1,-2,2021-08-07 12:55:10.239612
1,1,0,1,3,3,1,0,2021-08-07 12:55:10.239612
1,1,3,0,2,3,2,2,2021-08-07 12:55:10.248612
0,-1,0,3,4,-1,-1,-1,2021-08-07 12:55:10.248612
0,-2,0,2,4,1,2,-1,2021-08-07 12:55:10.270612
0,0,1,-2,-4,-2,-3,-2,2021-08-07 12:55:10.270612
0,-1,-3,-2,-4,-4,-2,-2,2021-08-07 12:55:10.272613
-1,0,-1,-2,-2,1,-1,0,2021-08-07 12:55:10.272613
-2,-1,0,-1,-7,-4,-2,-1,2021-08-07 12:55:10.285615
-1,-3,-3,-1,0,1,-2,-3,2021-08-07 12:55:10.285615
1,2,1,6,9,5,2,1,2021-08-07 12:55:10.287615
-1,1,-2,-7,-9,-7,-3,-2,2021-08-07 12:55:10.287615
-3,-4,-5,-6,-5,-4,-4,-5,2021-08-07 12:55:10.299610
2,2,4,-6,-8,-3,0,3,2021-08-07 12:55:10.299610
-1,-2,0,5,10,7,4,2,2021-08-07 12:55:10.308612
2,3,1,7,7,2,0,1,2021-08-07 12:55:10.308612
-1,-1,-1,2,4,3,1,1,2021-08-07 12:55:10.323613
-5,-3,-2,-1,-1,-2,-2,-3,2021-08-07 12:55:10.323613
-2,-4,-5,-15,-11,-5,-4,-2,2021-08-07 12:55:10.324611
-1,1,4,0,-1,2,-1,2,2021-08-07 12:55:10.324611
-1,0,-1,-2,-2,-1,-2,-1,2021-08-07 12:55:10.345610
-1,-1,-3,2,2,0,0,-1,2021-08-07 12:55:10.345610
0,0,-1,2,0,0,-1,-1,2021-08-07 12:55:10.346613
-2,-4,-3,-2,-2,-2,-2,-3,2021-08-07 12:55:10.347612
1,2,2,-2,-6,-1,-1,-3,2021-08-07 12:55:10.359612
-2,-2,-2,0,0,-2,-2,-2,2021-08-07 12:55:10.359612
2,4,3,2,1,1,1,2,2021-08-07 12:55:10.368615
-2,-3,-2,1,-2,-3,-1,-1,2021-08-07 12:55:10.368615
0,0,-1,-3,2,0,0,2,2021-08-07 12:55:10.383612
-1,-1,-1,-4,-5,-4,-2,0,2021-08-07 12:55:10.383612
-2,-1,-1,5,4,0,1,-2,2021-08-07 12:55:10.384612
2,2,0,-2,5,5,1,2,2021-08-07 12:55:10.384612
-4,-3,0,-3,-2,-5,-3,-4,2021-08-07 12:55:10.421611
1,3,4,9,13,9,3,1,2021-08-07 12:55:10.421611
-3,-3,-3,-8,-10,-9,-6,-3,2021-08-07 12:55:10.422613
-4,-4,-6,-8,-13,-7,-3,-2,2021-08-07 12:55:10.422613
1,1,1,10,12,7,3,1,2021-08-07 12:55:10.423614
1,-1,2,0,3,2,0,0,2021-08-07 12:55:10.423614
-1,1,0,-4,1,0,-1,0,2021-08-07 12:55:10.434612
1,0,0,-1,-2,-1,0,0,2021-08-07 12:55:10.434612
0,-3,-3,-6,-10,-4,-4,-1,2021-08-07 12:55:10.443612
-1,-2,-2,3,1,-1,-1,-1,2021-08-07 12:55:10.443612
1,0,1,-1,-1,0,0,1,2021-08-07 12:55:10.444612
-2,-3,-3,-3,-1,-2,-3,-2,2021-08-07 12:55:10.444612
1,1,1,0,-1,-3,-1,0,2021-08-07 12:55:10.465614
-1,-2,-1,0,1,2,-1,-1,2021-08-07 12:55:10.465614
-2,-2,-3,-5,-5,-3,-1,-3,2021-08-07 12:55:10.467611
0,2,1,6,5,3,2,1,2021-08-07 12:55:10.467611
2,1,3,3,1,1,1,0,2021-08-07 12:55:10.488612
-1,-3,-4,-2,0,0,1,-3,2021-08-07 12:55:10.488612
-2,-4,-4,-5,1,0,-2,-1,2021-08-07 12:55:10.489612
-1,-1,1,-1,-2,-1,-3,-2,2021-08-07 12:55:10.489612
2,4,5,13,12,6,4,4,2021-08-07 12:55:10.511614
-1,-2,-2,-8,-7,-7,-2,-2,2021-08-07 12:55:10.511614
-2,-1,-1,-11,-8,-3,-2,-1,2021-08-07 12:55:10.516611
1,0,0,3,3,2,0,-1,2021-08-07 12:55:10.516611
-1,-2,-3,-4,-5,-2,-2,-1,2021-08-07 12:55:10.525611
-1,-2,-2,3,-2,-3,-1,0,2021-08-07 12:55:10.525611
2,1,3,5,2,0,0,0,2021-08-07 12:55:10.527613
-1,-3,-5,-2,0,0,2,0,2021-08-07 12:55:10.527613
-4,-6,-5,-6,-7,-4,-1,-3,2021-08-07 12:55:10.548612
-1,0,3,5,7,3,0,-2,2021-08-07 12:55:10.548612
-3,-3,1,6,4,2,0,-2,2021-08-07 12:55:10.549613
-1,0,1,-3,-2,-2,-2,-1,2021-08-07 12:55:10.549613
0,0,-2,-6,-11,-7,-3,-2,2021-08-07 12:55:10.563615
1,2,-2,-2,2,4,1,2,2021-08-07 12:55:10.563615
0,3,1,6,5,2,0,2,2021-08-07 12:55:10.564611
0,1,0,4,4,2,1,1,2021-08-07 12:55:10.564611
-2,-2,-4,-6,-3,-2,-3,-1,2021-08-07 12:55:10.585611
-1,-2,-1,-3,-5,-4,-3,-1,2021-08-07 12:55:10.585611
0,1,1,3,1,3,1,1,2021-08-07 12:55:10.587611
-1,-1,-1,2,3,0,1,1,2021-08-07 12:55:10.587611
-1,-1,-1,-6,-6,-3,-1,-1,2021-08-07 12:55:10.607613
-2,-1,-1,-3,-2,-1,0,-3,2021-08-07 12:55:10.608611
1,2,2,2,0,0,1,-2,2021-08-07 12:55:10.609610
-1,-3,-1,0,-4,-3,-4,-4,2021-08-07 12:55:10.609610
1,1,1,-2,4,4,2,1,2021-08-07 12:55:10.622609
-1,-3,-3,-3,-1,-3,-1,-1,2021-08-07 12:55:10.623611
-1,0,1,-1,-4,-3,-2,-1,2021-08-07 12:55:10.624611
1,2,1,-1,1,1,0,1,2021-08-07 12:55:10.624611
-2,1,1,7,6,2,-1,0,2021-08-07 12:55:10.645612
0,1,0,-4,0,1,1,0,2021-08-07 12:55:10.645612
-3,-6,-5,-7,-7,-4,-4,-1,2021-08-07 12:55:10.647613
-1,-2,-1,0,-2,-2,-2,-3,2021-08-07 12:55:10.647613
1,4,3,0,1,2,1,1,2021-08-07 12:55:10.668611
-1,1,-1,0,-2,-2,0,-1,2021-08-07 12:55:10.668611
-1,-2,-3,-4,-4,-2,-1,-2,2021-08-07 12:55:10.669613
-1,-1,-1,1,0,1,-1,-2,2021-08-07 12:55:10.670612
-2,-2,-5,1,1,-1,-1,-2,2021-08-07 12:55:10.682614
2,3,3,-3,-1,-1,0,1,2021-08-07 12:55:10.682614
-1,-2,-4,1,-1,0,-1,1,2021-08-07 12:55:10.689611
1,5,3,-4,-4,-1,1,0,2021-08-07 12:55:10.689611
0,-1,1,1,2,1,-1,-1,2021-08-07 12:55:10.705612
0,-3,-6,-2,-2,-2,-1,0,2021-08-07 12:55:10.705612
1,0,1,4,6,3,1,2,2021-08-07 12:55:10.707612
-3,-2,-4,-5,-9,-6,-3,-1,2021-08-07 12:55:10.707612
-4,0,-1,-2,-5,-1,-2,-1,2021-08-07 12:55:10.727614
3,3,6,11,15,8,5,2,2021-08-07 12:55:10.728614
-3,-4,-5,-8,-11,-10,-8,-6,2021-08-07 12:55:10.729615
3,2,3,8,9,6,3,2,2021-08-07 12:55:10.729615
3,1,2,3,7,4,3,1,2021-08-07 12:55:10.742613
-3,-2,-2,-2,-3,-1,-2,-1,2021-08-07 12:55:10.742613
-1,-1,0,-1,-1,-1,-1,-1,2021-08-07 12:55:10.749610
-4,-3,-4,-7,-11,-7,-5,-4,2021-08-07 12:55:10.749610
2,1,1,-3,-5,-3,-2,0,2021-08-07 12:55:10.765613
-2,-2,-2,-3,-3,-2,0,-1,2021-08-07 12:55:10.765613
-1,1,1,0,2,2,0,0,2021-08-07 12:55:10.766611
-1,0,0,-5,-5,-2,-1,0,2021-08-07 12:55:10.767614
0,-3,-1,-3,0,0,1,-1,2021-08-07 12:55:10.788612
3,1,0,1,-1,2,4,3,2021-08-07 12:55:10.788612
0,-1,-4,-5,-6,-3,-4,1,2021-08-07 12:55:10.790612
-3,0,-1,-1,-2,-4,-6,-4,2021-08-07 12:55:10.790612
-6,-3,-2,2,4,-4,-8,-8,2021-08-07 12:55:10.802613
-1,-1,4,4,4,5,6,2,2021-08-07 12:55:10.802613
3,2,2,2,9,10,14,6,2021-08-07 12:55:10.809613
8,2,1,3,9,11,11,11,2021-08-07 12:55:10.809613
-2,-7,-7,-8,-9,-8,-1,0,2021-08-07 12:55:10.825610
-4,-4,-5,-9,-16,-17,-21,-12,2021-08-07 12:55:10.825610
0,5,3,2,-3,-8,-7,-6,2021-08-07 12:55:10.827615
0,2,1,-1,4,3,-1,1,2021-08-07 12:55:10.827615
0,2,3,6,8,-1,-11,-3,2021-08-07 12:55:10.847611
-21,-15,-14,-12,-17,-24,-23,-16,2021-08-07 12:55:10.848619
1,0,0,4,1,8,6,5,2021-08-07 12:55:10.849612
1,-3,-1,-4,-4,-1,5,1,2021-08-07 12:55:10.849612
10,8,7,3,3,14,21,15,2021-08-07 12:55:10.862612
9,6,5,9,10,12,11,9,2021-08-07 12:55:10.862612
0,1,1,-1,-1,-4,-2,-2,2021-08-07 12:55:10.869615
-3,-3,-5,-3,-2,-1,1,0,2021-08-07 12:55:10.869615
-3,-2,-1,2,3,1,0,-2,2021-08-07 12:55:10.885617
3,5,4,2,3,2,0,2,2021-08-07 12:55:10.885617
-5,-3,-4,-5,-8,-9,-6,-5,2021-08-07 12:55:10.887612
-1,-3,-2,3,7,2,-2,-2,2021-08-07 12:55:10.887612
-4,-1,-3,-3,-4,-5,-5,-4,2021-08-07 12:55:10.907613
1,5,4,-4,-3,1,1,2,2021-08-07 12:55:10.908616
1,-1,-2,0,9,7,3,1,2021-08-07 12:55:10.909612
0,1,2,9,19,7,0,-4,2021-08-07 12:55:10.909612
2,0,-2,-1,-6,-5,1,2,2021-08-07 12:55:10.922612
3,0,-1,-2,-6,-2,2,1,2021-08-07 12:55:10.922612
-13,-10,-8,-8,-12,-9,-8,-11,2021-08-07 12:55:10.929612
2,3,3,6,4,7,5,4,2021-08-07 12:55:10.929612
10,8,4,4,3,-4,-6,3,2021-08-07 12:55:10.945612
-16,-13,-12,-16,-20,-23,-21,-18,2021-08-07 12:55:10.945612
0,-4,-2,-5,-5,-3,-2,0,2021-08-07 12:55:10.947611
-4,-3,-4,-7,-14,-10,-7,-4,2021-08-07 12:55:10.947611
6,7,8,8,16,35,43,20,2021-08-07 12:55:10.967610
20,9,9,14,22,40,43,27,2021-08-07 12:55:10.968613
8,8,6,4,5,-20,-37,-13,2021-08-07 12:55:10.969613
-39,-24,-23,-23,-33,-52,-58,-46,2021-08-07 12:55:10.969613
10,2,3,8,15,17,17,10,2021-08-07 12:55:10.981610
6,7,2,-1,3,-2,-8,5,2021-08-07 12:55:10.981610
-41,-23,-17,-15,-23,-29,-29,-36,2021-08-07 12:55:10.996612
16,12,11,9,20,36,48,32,2021-08-07 12:55:10.996612
12,5,6,-5,-7,2,7,13,2021-08-07 12:55:11.005612
-9,-6,-12,-12,-19,-35,-45,-22,2021-08-07 12:55:11.005612
1,-3,-3,-10,-12,-6,0,-3,2021-08-07 12:55:11.007612
8,3,3,5,8,5,2,6,2021-08-07 12:55:11.007612
-20,-13,-7,-4,-10,-24,-26,-26,2021-08-07 12:55:11.028613
1,4,4,5,4,12,22,10,2021-08-07 12:55:11.028613
3,3,0,-9,-23,-13,-8,3,2021-08-07 12:55:11.029612
-2,-2,-2,12,26,23,19,3,2021-08-07 12:55:11.029612
12,6,6,13,28,36,34,19,2021-08-07 12:55:11.041611
-3,-7,-5,-11,-15,-14,-9,-6,2021-08-07 12:55:11.041611
1,2,0,-2,-7,-10,-8,-2,2021-08-07 12:55:11.050614
13,13,12,20,25,20,17,11,2021-08-07 12:55:11.050614
-1,-4,-6,-5,-5,5,5,3,2021-08-07 12:55:11.065611
-2,1,1,8,16,-16,-33,-11,2021-08-07 12:55:11.065611
-20,-15,-19,-18,-25,-17,-8,-14,2021-08-07 12:55:11.067613
7,2,1,-15,-19,-6,-3,8,2021-08-07 12:55:11.067613
-10,-3,-2,11,18,-4,-21,-18,2021-08-07 12:55:11.087649
-5,-7,-7,-16,-34,-10,13,1,2021-08-07 12:55:11.088649
22,10,11,14,19,34,37,30,2021-08-07 12:55:11.089649
-3,2,4,22,39,14,-7,-10,2021-08-07 12:55:11.089649
-7,1,-3,-10,-16,-15,-11,-6,2021-08-07 12:55:11.101652
6,1,2,12,29,31,26,12,2021-08-07 12:55:11.101652
5,3,1,-13,-13,-11,-5,3,2021-08-07 12:55:11.110650
-11,-11,-11,-26,-60,-44,-25,-16,2021-08-07 12:55:11.110650
-3,-6,-6,-3,1,-3,-4,-3,2021-08-07 12:55:11.125651
8,11,13,17,38,26,13,8,2021-08-07 12:55:11.125651
-3,-2,1,6,11,5,1,-2,2021-08-07 12:55:11.126651
2,1,-2,-13,-20,-6,2,3,2021-08-07 12:55:11.127650
-8,-11,-17,-30,-40,-28,-20,-7,2021-08-07 12:55:11.148651
-11,-12,-10,-18,-22,-18,-17,-12,2021-08-07 12:55:11.148651
8,10,11,31,56,41,24,12,2021-08-07 12:55:11.149652
5,4,8,11,8,3,6,6,2021-08-07 12:55:11.149652
-4,3,4,-4,-20,-15,-13,-7,2021-08-07 12:55:11.161650
1,4,4,20,41,22,10,1,2021-08-07 12:55:11.161650
9,8,6,11,19,20,17,12,2021-08-07 12:55:11.170650
-4,-3,-3,1,1,-6,-8,-5,2021-08-07 12:55:11.170650
-8,-7,-5,-11,-22,-20,-15,-11,2021-08-07 12:55:11.185650
-1,-3,-2,-9,-21,-11,-1,0,2021-08-07 12:55:11.186650
3,-1,1,2,2,3,4,4,2021-08-07 12:55:11.187648
-3,-4,-4,-9,-11,-9,-8,-4,2021-08-07 12:55:11.187648
-2,2,2,2,6,-1,1,-1,2021-08-07 12:55:11.207649
-2,-1,-3,4,8,11,8,2,2021-08-07 12:55:11.208652
0,1,0,2,1,-1,-2,0,2021-08-07 12:55:11.209649
-1,2,0,-7,-12,-10,-6,-4,2021-08-07 12:55:11.209649
1,0,-1,2,6,4,2,3,2021-08-07 12:55:11.221649
-3,-3,-1,-5,-14,-10,-6,-4,2021-08-07 12:55:11.221649
3,2,2,3,10,7,7,4,2021-08-07 12:55:11.230652
3,2,4,10,16,13,5,1,2021-08-07 12:55:11.230652
-1,-2,-1,4,7,6,-1,-2,2021-08-07 12:55:11.245649
0,0,-2,-7,-15,-8,-3,-1,2021-08-07 12:55:11.245649
-2,-4,-8,-13,-21,-15,-8,-3,2021-08-07 12:55:11.247650
3,-1,-1,2,9,7,5,3,2021-08-07 12:55:11.247650
-2,-4,-2,-1,1,-4,-4,-3,2021-08-07 12:55:11.267651
-3,-2,-3,-11,-18,-8,-2,1,2021-08-07 12:55:11.268651
-2,2,4,7,7,5,3,-3,2021-08-07 12:55:11.269651
0,0,1,3,4,2,1,1,2021-08-07 12:55:11.269651
0,0,-2,-3,0,-1,-3,-2,2021-08-07 12:55:11.281649
-4,-7,-2,0,-2,-4,-4,-3,2021-08-07 12:55:11.281649
-1,-5,-3,-6,-9,-5,-2,0,2021-08-07 12:55:11.290650
-2,-1,-3,-6,-3,-1,0,0,2021-08-07 12:55:11.290650
-2,-3,-2,-4,-6,-4,-3,-4,2021-08-07 12:55:11.305174
-1,1,2,0,3,3,0,-1,2021-08-07 12:55:11.306172
3,4,3,3,4,0,1,3,2021-08-07 12:55:11.307174
-5,-4,-6,-8,-12,-7,-5,-3,2021-08-07 12:55:11.307174
0,-2,-1,1,-5,-3,-3,0,2021-08-07 12:55:11.328173
-1,-2,-3,-10,-16,-6,-3,-3,2021-08-07 12:55:11.328173
3,4,4,10,16,8,5,4,2021-08-07 12:55:11.330176
-5,-5,-6,-19,-27,-15,-8,-3,2021-08-07 12:55:11.330176
-1,2,1,9,11,5,0,0,2021-08-07 12:55:11.342175
-1,-2,-2,-5,-1,1,0,-2,2021-08-07 12:55:11.342175
2,5,6,17,24,9,6,2,2021-08-07 12:55:11.351175
-1,-4,0,2,4,1,1,0,2021-08-07 12:55:11.351175
0,1,-1,-5,-9,-4,-3,-1,2021-08-07 12:55:11.365176
-3,-4,-5,-9,-18,-12,-7,-6,2021-08-07 12:55:11.365176
1,-2,-2,-4,-3,1,0,0,2021-08-07 12:55:11.372176
2,1,2,2,4,1,1,3,2021-08-07 12:55:11.372176
-2,-4,-3,-8,-12,-7,-1,-1,2021-08-07 12:55:11.388173
-1,-3,0,5,9,4,2,0,2021-08-07 12:55:11.388173
-2,0,-1,-7,-6,-1,1,-1,2021-08-07 12:55:11.390176
-4,-1,-1,4,8,4,0,-3,2021-08-07 12:55:11.390176
-1,0,3,7,10,2,0,-3,2021-08-07 12:55:11.402174
-2,-1,0,-1,-4,-3,-2,-2,2021-08-07 12:55:11.402174
-1,-3,-4,-5,-9,-3,-4,-1,2021-08-07 12:55:11.411176
1,1,-1,-4,-6,-5,-2,1,2021-08-07 12:55:11.411176
1,1,0,13,15,10,3,1,2021-08-07 12:55:11.425173
9,12,10,14,22,11,9,8,2021-08-07 12:55:11.425173
-4,-6,-6,-13,-20,-13,-8,-6,2021-08-07 12:55:11.432174
1,2,1,4,6,3,2,0,2021-08-07 12:55:11.432174
-2,0,-4,-10,-13,-9,-4,-3,2021-08-07 12:55:11.448173
-1,-3,-5,-5,-10,-5,-3,-2,2021-08-07 12:55:11.448173
-1,-3,-3,-3,-1,0,-1,-1,2021-08-07 12:55:11.450174
1,-2,0,3,4,4,1,1,2021-08-07 12:55:11.450174
0,1,1,0,5,2,1,1,2021-08-07 12:55:11.470174
-4,-4,-3,-1,-9,-6,-5,-2,2021-08-07 12:55:11.471174
-4,-5,-6,-12,-20,-12,-5,-4,2021-08-07 12:55:11.472176
-1,-2,-3,-1,-3,3,1,-2,2021-08-07 12:55:11.472176
-1,-3,-1,-2,-1,0,-1,0,2021-08-07 12:55:11.485174
6,10,11,32,48,27,13,6,2021-08-07 12:55:11.485174
-3,-1,-1,-5,-9,-8,-5,-3,2021-08-07 12:55:11.491173
0,0,-2,-8,-16,-11,-5,0,2021-08-07 12:55:11.492178
-1,-1,-3,-1,-1,2,-1,-1,2021-08-07 12:55:11.508173
-6,-5,-5,-13,-18,-10,-7,-6,2021-08-07 12:55:11.508173
2,3,4,12,19,13,4,3,2021-08-07 12:55:11.509178
0,0,0,3,7,2,-1,-1,2021-08-07 12:55:11.510174
-3,-3,-5,-14,-15,-5,-2,-2,2021-08-07 12:55:11.530174
0,-1,-1,-4,-2,-1,-1,-1,2021-08-07 12:55:11.531174
-1,-2,-3,-1,-1,0,-2,-2,2021-08-07 12:55:11.532177
0,0,-1,-3,-8,-6,-3,-2,2021-08-07 12:55:11.532177
-2,-2,2,3,-3,-3,-3,-1,2021-08-07 12:55:11.544173
2,2,0,2,10,8,4,3,2021-08-07 12:55:11.545173
-2,2,3,-1,-5,-2,0,-2,2021-08-07 12:55:11.554175
3,5,6,18,29,16,7,4,2021-08-07 12:55:11.554175
0,1,-2,2,3,0,0,0,2021-08-07 12:55:11.568173
-2,-5,-9,-22,-12,-5,-2,-2,2021-08-07 12:55:11.568173
-4,-5,-3,-3,-5,-4,-4,-4,2021-08-07 12:55:11.569175
-3,-3,-5,1,3,0,-1,-2,2021-08-07 12:55:11.570174
1,4,7,9,8,4,2,1,2021-08-07 12:55:11.590173
3,5,6,21,23,11,7,3,2021-08-07 12:55:11.591175
1,1,-1,1,4,3,1,2,2021-08-07 12:55:11.592174
-5,-7,-7,-14,-23,-17,-9,-6,2021-08-07 12:55:11.592174
2,0,1,-1,1,2,1,1,2021-08-07 12:55:11.605172
-4,-3,-1,0,-11,-10,-5,-5,2021-08-07 12:55:11.605172
2,1,3,3,-3,1,1,2,2021-08-07 12:55:11.611172
3,3,1,0,14,11,8,4,2021-08-07 12:55:11.612175
-5,-5,-9,-17,-22,-16,-9,-5,2021-08-07 12:55:11.628174
0,0,1,2,2,2,2,1,2021-08-07 12:55:11.628174
2,2,2,8,8,6,5,1,2021-08-07 12:55:11.629173
-2,-2,-5,-6,-9,-6,-4,-2,2021-08-07 12:55:11.630173
1,1,1,-1,1,-1,-1,0,2021-08-07 12:55:11.658175
-5,-3,-5,-11,-19,-11,-7,-3,2021-08-07 12:55:11.658175
-1,0,-1,0,8,2,0,-1,2021-08-07 12:55:11.660173
-1,-3,-2,-1,-8,-4,-3,-1,2021-08-07 12:55:11.660173
1,3,5,1,15,9,5,3,2021-08-07 12:55:11.665176
0,1,1,2,3,0,0,0,2021-08-07 12:55:11.665176
-3,-3,-5,-8,-13,-9,-4,-3,2021-08-07 12:55:11.672174
3,2,3,6,13,10,5,4,2021-08-07 12:55:11.672174
-1,-3,-3,10,10,2,1,-2,2021-08-07 12:55:11.688173
-5,-5,-5,-15,-11,-7,-7,-5,2021-08-07 12:55:11.688173
2,1,4,6,9,3,1,1,2021-08-07 12:55:11.690174
-1,1,1,-2,-11,-7,-5,-3,2021-08-07 12:55:11.690174
-2,-3,-1,-1,-6,-3,-2,0,2021-08-07 12:55:11.710175
-2,0,-2,3,2,-2,-2,-2,2021-08-07 12:55:11.711175
-4,-5,-5,-12,-18,-12,-6,-3,2021-08-07 12:55:11.712173
-2,-1,-1,1,5,2,2,-1,2021-08-07 12:55:11.712173
0,-1,-3,-3,0,2,3,-1,2021-08-07 12:55:11.725175
2,1,4,9,13,6,2,1,2021-08-07 12:55:11.725175
-4,-3,-5,-5,-10,-4,-4,-3,2021-08-07 12:55:11.732175
4,6,6,14,16,7,4,4,2021-08-07 12:55:11.732175
-3,-2,-6,-19,-25,-12,-6,-2,2021-08-07 12:55:11.748172
-2,-2,-1,0,11,2,-1,-1,2021-08-07 12:55:11.748172
2,1,2,2,4,2,4,3,2021-08-07 12:55:11.750174
-3,-3,-2,-6,-12,-9,-4,-3,2021-08-07 12:55:11.750174
4,6,6,21,29,17,10,4,2021-08-07 12:55:11.770173
-1,0,-2,-2,-10,-4,-2,1,2021-08-07 12:55:11.771172
-2,-1,-2,-9,-7,-4,-3,-2,2021-08-07 12:55:11.772173
-3,-3,-5,-8,-7,-4,-2,-2,2021-08-07 12:55:11.772173
-4,-4,0,-1,-12,-11,-6,-3,2021-08-07 12:55:11.785175
-2,-4,-3,0,-1,2,2,-2,2021-08-07 12:55:11.785175
2,5,7,12,23,10,5,3,2021-08-07 12:55:11.792175
-1,0,-1,-4,-4,-2,-2,-1,2021-08-07 12:55:11.792175
-1,-4,-1,-5,-5,-3,-4,-6,2021-08-07 12:55:11.808173
-1,-2,-2,-4,-6,-3,-2,-3,2021-08-07 12:55:11.808173
0,-1,-3,-6,-8,-5,-2,0,2021-08-07 12:55:11.809176
2,3,1,11,18,11,4,2,2021-08-07 12:55:11.810177
0,0,2,5,9,5,2,0,2021-08-07 12:55:11.830173
2,4,4,0,-6,-3,-2,1,2021-08-07 12:55:11.830173
1,-1,1,3,1,0,0,1,2021-08-07 12:55:11.837174
0,-1,-2,-4,-7,-6,-2,-1,2021-08-07 12:55:11.837174
-4,-4,-8,-12,-14,-11,-7,-4,2021-08-07 12:55:11.845172
-1,0,-3,-6,-2,-1,0,0,2021-08-07 12:55:11.845172
-2,0,-1,7,14,8,4,-1,2021-08-07 12:55:11.852176
0,3,4,8,8,5,1,2,2021-08-07 12:55:11.852176
-3,-1,0,1,-3,-3,-2,1,2021-08-07 12:55:11.868174
-1,-3,-2,-8,-8,-7,-5,-2,2021-08-07 12:55:11.868174
-2,-2,-2,-6,-14,-12,-6,-4,2021-08-07 12:55:11.869175
-6,-8,-5,-11,-21,-10,-5,-6,2021-08-07 12:55:11.870175
4,4,3,4,12,13,7,4,2021-08-07 12:55:11.890216
-3,-5,-1,7,2,-1,-2,-4,2021-08-07 12:55:11.891215
3,4,4,5,11,10,4,3,2021-08-07 12:55:11.892216
1,-1,2,1,-3,-3,-1,-1,2021-08-07 12:55:11.892216
-3,-3,-3,-11,-17,-9,-6,-4,2021-08-07 12:55:11.905218
-3,-4,-5,-2,-6,-3,-2,-3,2021-08-07 12:55:11.905218
-4,-6,-7,-16,-15,-6,-5,-4,2021-08-07 12:55:11.912217
0,1,0,-2,-6,-6,-2,0,2021-08-07 12:55:11.912217
3,2,2,1,6,5,3,2,2021-08-07 12:55:11.928216
0,-1,1,1,7,4,2,2,2021-08-07 12:55:11.928216
-2,-1,0,4,-3,-2,-3,-1,2021-08-07 12:55:11.929218
1,2,1,1,4,4,3,2,2021-08-07 12:55:11.930216
0,3,2,11,9,-1,-1,0,2021-08-07 12:55:11.950216
-3,-3,-4,-6,-11,-4,-2,-2,2021-08-07 12:55:11.951215
-2,-3,-2,-9,-8,-4,-3,-3,2021-08-07 12:55:11.952216
0,-2,-1,-3,-3,-1,-2,-1,2021-08-07 12:55:11.952216
-1,-2,-3,-2,-3,-2,-3,-2,2021-08-07 12:55:11.964216
7,10,9,16,19,12,7,6,2021-08-07 12:55:11.964216
0,1,3,14,15,7,3,0,2021-08-07 12:55:11.973215
-3,-3,-4,-3,1,1,-1,-2,2021-08-07 12:55:11.973215
0,-1,-2,-2,-3,-4,-1,-1,2021-08-07 12:55:11.988216
-3,-3,-3,-8,-13,-10,-5,-4,2021-08-07 12:55:11.988216
0,0,-2,1,2,1,1,-1,2021-08-07 12:55:11.989217
-7,-10,-10,-15,-21,-14,-10,-8,2021-08-07 12:55:11.990219
3,6,5,6,1,5,2,3,2021-08-07 12:55:12.010218
2,4,5,10,15,9,4,0,2021-08-07 12:55:12.010218
1,1,-5,-7,-6,0,2,2,2021-08-07 12:55:12.012220
-5,-7,-8,-17,-8,-4,-5,-4,2021-08-07 12:55:12.012220
-6,-7,-4,-9,-13,-9,-7,-5,2021-08-07 12:55:12.024216
-1,0,-2,-2,-4,-3,-2,0,2021-08-07 12:55:12.024216
0,1,0,6,4,0,-1,-1,2021-08-07 12:55:12.033216
6,7,6,21,25,15,7,5,2021-08-07 12:55:12.033216
-1,1,1,-6,-6,-3,0,-1,2021-08-07 12:55:12.048215
0,2,1,10,16,7,2,-1,2021-08-07 12:55:12.048215
-4,-4,-5,-7,-11,-10,-6,-5,2021-08-07 12:55:12.049217
-3,-2,-4,-11,-12,-7,-3,-2,2021-08-07 12:55:12.050217
-1,-3,-1,-4,-1,2,0,-1,2021-08-07 12:55:12.070216
-1,1,-1,-1,-2,-4,-1,1,2021-08-07 12:55:12.071216
1,1,0,0,7,5,1,1,2021-08-07 12:55:12.072217
3,2,6,17,15,6,3,0,2021-08-07 12:55:12.072217
-1,-3,-4,-3,-7,-6,-4,0,2021-08-07 12:55:12.084218
0,-3,-3,-9,-16,-8,-5,-1,2021-08-07 12:55:12.084218
-2,-3,-2,-6,0,-2,-1,1,2021-08-07 12:55:12.093216
3,3,4,10,14,8,3,1,2021-08-07 12:55:12.093216
0,0,-1,2,-1,-4,-3,-2,2021-08-07 12:55:12.107724
1,1,2,5,4,2,1,1,2021-08-07 12:55:12.107724
-4,-3,-1,-1,-5,-3,-2,-2,2021-08-07 12:55:12.109735
1,0,-4,-18,-10,0,1,2,2021-08-07 12:55:12.109735
-2,-1,-2,3,10,4,1,-2,2021-08-07 12:55:12.130734
-1,-2,-2,-4,-11,-8,-6,-4,2021-08-07 12:55:12.130734
4,5,5,9,7,5,4,2,2021-08-07 12:55:12.131735
-2,-3,-3,-6,-11,-9,-4,-2,2021-08-07 12:55:12.132736
-4,-6,-5,-5,-2,-3,-4,-5,2021-08-07 12:55:12.152735
-3,-3,-2,-8,-8,-2,-2,-1,2021-08-07 12:55:12.153736
3,4,4,18,24,15,6,4,2021-08-07 12:55:12.154735
1,1,2,4,0,1,1,-1,2021-08-07 12:55:12.154735
1,1,2,1,-1,0,-1,1,2021-08-07 12:55:12.167735
-5,-5,-4,-6,-9,-6,-4,-3,2021-08-07 12:55:12.168736
-2,-1,-2,-4,0,-1,-2,-1,2021-08-07 12:55:12.174737
0,1,2,3,6,2,0,2,2021-08-07 12:55:12.174737
-7,-8,-7,-15,-31,-18,-8,-6,2021-08-07 12:55:12.190733
6,6,4,11,27,22,14,6,2021-08-07 12:55:12.190733
4,7,6,7,5,4,5,4,2021-08-07 12:55:12.191734
1,1,4,11,5,-2,1,0,2021-08-07 12:55:12.191734
2,1,-1,-1,3,1,-1,0,2021-08-07 12:55:12.204735
-6,-7,-9,-16,-21,-14,-8,-3,2021-08-07 12:55:12.204735
-8,-11,-13,-35,-30,-17,-12,-9,2021-08-07 12:55:12.213734
-2,0,0,-4,-6,-3,-1,0,2021-08-07 12:55:12.213734
9,11,12,26,43,28,17,9,2021-08-07 12:55:12.227737
-1,-2,-1,4,1,-2,-1,-1,2021-08-07 12:55:12.228736
4,4,4,15,7,4,3,4,2021-08-07 12:55:12.229735
-7,-10,-9,-17,-23,-15,-9,-6,2021-08-07 12:55:12.229735
-2,-4,-2,5,15,9,4,0,2021-08-07 12:55:12.250735
-2,0,3,0,-3,-3,-2,-3,2021-08-07 12:55:12.250735
-1,1,2,2,-1,-2,-2,-3,2021-08-07 12:55:12.251736
-1,1,0,-5,-9,-6,-5,-3,2021-08-07 12:55:12.252736
-1,0,1,1,-3,-2,0,1,2021-08-07 12:55:12.263737
2,2,0,-2,5,7,2,1,2021-08-07 12:55:12.264735
-1,-2,-1,0,-1,-4,-2,-1,2021-08-07 12:55:12.279735
-1,-1,-1,5,4,3,1,-1,2021-08-07 12:55:12.279735
3,2,-2,-5,1,0,0,0,2021-08-07 12:55:12.287735
-4,-4,-5,-11,-17,-13,-7,-5,2021-08-07 12:55:12.288734
-2,-2,-2,-5,-11,-6,-4,-4,2021-08-07 12:55:12.289734
-4,-4,-4,-5,-3,-2,-1,-3,2021-08-07 12:55:12.289734
0,4,3,6,9,5,3,2,2021-08-07 12:55:12.310735
1,0,-1,4,2,1,1,1,2021-08-07 12:55:12.310735
-1,-2,-4,-9,-12,-5,-4,0,2021-08-07 12:55:12.311734
-1,1,1,5,12,8,3,1,2021-08-07 12:55:12.312735
-3,-1,-3,-1,-4,-3,-2,-3,2021-08-07 12:55:12.324734
-1,0,-1,-3,-5,-5,-3,-1,2021-08-07 12:55:12.324734
1,0,-2,-2,-1,1,4,1,2021-08-07 12:55:12.332736
3,1,-1,1,7,5,2,1,2021-08-07 12:55:12.333738
-2,-3,-1,-3,1,0,-1,1,2021-08-07 12:55:12.347736
0,-1,1,5,9,3,0,-1,2021-08-07 12:55:12.348737
-3,-1,-3,-2,-12,-10,-4,-5,2021-08-07 12:55:12.353735
-1,1,0,-8,-11,-5,-3,0,2021-08-07 12:55:12.354736
-2,-3,-4,-5,-5,-4,-3,-2,2021-08-07 12:55:12.377735
-1,0,1,-5,-9,-5,-2,-2,2021-08-07 12:55:12.378735
2,-1,1,1,11,6,4,2,2021-08-07 12:55:12.379735
-1,-1,-3,-2,-1,-3,-1,-1,2021-08-07 12:55:12.379735
2,3,7,12,4,7,2,1,2021-08-07 12:55:12.392735
-3,-3,-2,8,5,1,-1,-2,2021-08-07 12:55:12.393738
0,0,-1,5,6,4,3,2,2021-08-07 12:55:12.394738
2,0,-3,-12,0,1,1,2,2021-08-07 12:55:12.394738
-9,-12,-8,-27,-30,-20,-14,-9,2021-08-07 12:55:12.407735
-3,-1,4,-3,-7,-5,-2,-2,2021-08-07 12:55:12.408737
4,5,-3,18,27,19,8,5,2021-08-07 12:55:12.409737
1,3,4,15,6,0,1,1,2021-08-07 12:55:12.409737
0,1,-3,-2,-8,-7,-3,-1,2021-08-07 12:55:12.430735
0,-1,1,-2,0,2,2,1,2021-08-07 12:55:12.430735
-2,0,2,-3,-1,-3,-2,-2,2021-08-07 12:55:12.431738
-2,-1,-2,0,-2,0,-2,-1,2021-08-07 12:55:12.432737
-1,1,-1,1,11,5,2,2,2021-08-07 12:55:12.460775
-2,-2,-6,-11,-18,-11,-7,-3,2021-08-07 12:55:12.460775
-2,-2,-1,-4,-5,-2,-2,-1,2021-08-07 12:55:12.461775
-1,0,2,3,4,2,1,0,2021-08-07 12:55:12.462776
-1,-2,0,-6,-11,-4,-2,-4,2021-08-07 12:55:12.467774
2,0,-1,2,8,4,1,1,2021-08-07 12:55:12.468778
-1,1,2,-2,-2,-4,-2,-1,2021-08-07 12:55:12.469775
0,2,2,6,5,2,-1,1,2021-08-07 12:55:12.469775
0,3,-1,4,2,3,2,1,2021-08-07 12:55:12.490774
-3,-4,-8,-14,-10,-4,-4,-3,2021-08-07 12:55:12.490774
-3,-5,-5,-18,-17,-11,-8,-5,2021-08-07 12:55:12.492774
1,1,3,11,19,12,5,2,2021-08-07 12:55:12.492774
0,0,-1,5,0,0,0,0,2021-08-07 12:55:12.512774
3,2,2,8,5,2,2,3,2021-08-07 12:55:12.513775
0,-2,0,3,1,-3,-2,-2,2021-08-07 12:55:12.514775
-4,-3,-4,-9,-10,-8,-6,-3,2021-08-07 12:55:12.514775
-1,-3,-4,-8,-10,-3,-2,-2,2021-08-07 12:55:12.527776
0,0,0,-2,1,-1,2,-2,2021-08-07 12:55:12.528774
-1,2,2,3,1,1,1,-2,2021-08-07 12:55:12.529775
-3,-2,-3,0,0,0,-1,-1,2021-08-07 12:55:12.529775
1,-1,1,3,5,2,0,1,2021-08-07 12:55:12.550775
-1,-1,0,-6,-6,-3,-1,-1,2021-08-07 12:55:12.550775
-2,-4,-1,-5,-11,-6,-4,-2,2021-08-07 12:55:12.551777
1,1,0,4,4,1,-1,0,2021-08-07 12:55:12.552775
0,1,2,6,6,4,2,1,2021-08-07 12:55:12.572772
6,7,7,30,47,31,15,6,2021-08-07 12:55:12.572772
-3,-5,-6,-8,-5,-3,-3,-2,2021-08-07 12:55:12.574774
-2,-2,-3,-9,-11,-8,-3,-3,2021-08-07 12:55:12.574774
-3,-2,-2,0,-2,-6,-3,-2,2021-08-07 12:55:12.587775
0,-2,-1,-6,-7,-5,-4,-2,2021-08-07 12:55:12.587775
-1,-1,-2,-5,-5,0,-2,0,2021-08-07 12:55:12.593774
-1,-3,0,-6,-8,-4,-4,-3,2021-08-07 12:55:12.594779
-1,-1,-2,-7,-8,-4,-2,-1,2021-08-07 12:55:12.610776
-2,-2,-3,2,-1,-1,-1,-1,2021-08-07 12:55:12.610776
0,1,2,7,7,2,0,-1,2021-08-07 12:55:12.611778
0,1,1,3,-5,-4,-1,1,2021-08-07 12:55:12.612775
0,0,-2,2,-2,0,-1,1,2021-08-07 12:55:12.632775
-2,-2,-2,0,9,3,0,-2,2021-08-07 12:55:12.632775
3,3,0,-2,8,6,4,3,2021-08-07 12:55:12.634776
-1,-1,-1,-4,-3,-2,0,0,2021-08-07 12:55:12.634776
-1,-2,0,-3,-6,-4,-4,-2,2021-08-07 12:55:12.647775
-7,-5,-5,-8,-16,-13,-9,-4,2021-08-07 12:55:12.647775
3,4,6,10,8,7,4,3,2021-08-07 12:55:12.653776
2,2,2,1,5,4,2,-1,2021-08-07 12:55:12.654776
-2,-1,-1,-7,-5,-6,-2,-2,2021-08-07 12:55:12.670309
0,0,0,5,3,2,1,-1,2021-08-07 12:55:12.670309
0,0,3,7,11,3,2,0,2021-08-07 12:55:12.672309
-3,-6,-8,-14,-12,-6,-5,-4,2021-08-07 12:55:12.672309
3,1,6,-5,6,3,1,1,2021-08-07 12:55:12.693310
0,-1,-10,-5,-8,-7,-2,0,2021-08-07 12:55:12.693310
-3,-4,-1,4,-2,-1,-2,-4,2021-08-07 12:55:12.694310
0,1,3,9,1,-1,-2,-1,2021-08-07 12:55:12.695312
-1,-4,-5,-6,-6,-3,-2,-2,2021-08-07 12:55:12.707306
0,-1,0,-5,-8,0,1,0,2021-08-07 12:55:12.707306
-3,-4,-6,-19,-5,-4,-5,-2,2021-08-07 12:55:12.714308
3,3,5,13,19,12,7,3,2021-08-07 12:55:12.714308
-1,-1,-3,3,-4,-5,-2,-2,2021-08-07 12:55:12.730842
1,2,3,4,-1,2,1,0,2021-08-07 12:55:12.731831
-1,-3,-6,-4,-15,-9,-4,-3,2021-08-07 12:55:12.732832
1,-1,0,-5,7,6,1,2,2021-08-07 12:55:12.732832
-1,-2,-2,-3,0,-1,0,-2,2021-08-07 12:55:12.753355
1,-1,0,1,-3,-4,-3,-1,2021-08-07 12:55:12.753355
-1,-2,0,3,-1,-1,1,0,2021-08-07 12:55:12.754353
-3,-5,-6,-15,-15,-8,-3,-3,2021-08-07 12:55:12.754353
-1,-1,0,6,11,8,3,-1,2021-08-07 12:55:12.776352
-2,-2,-1,-6,-5,-5,-4,-3,2021-08-07 12:55:12.776352
3,2,4,3,2,2,1,3,2021-08-07 12:55:12.777355
1,2,3,11,6,1,1,0,2021-08-07 12:55:12.777355
0,-4,-6,-5,0,-1,-2,-3,2021-08-07 12:55:12.798354
-1,0,1,-3,-4,-2,-1,0,2021-08-07 12:55:12.798354
-1,2,1,4,7,3,1,0,2021-08-07 12:55:12.799353
-1,-2,-4,-5,-7,-4,-1,0,2021-08-07 12:55:12.800352
-1,-1,0,2,7,2,0,1,2021-08-07 12:55:12.813351
0,1,1,4,6,0,1,0,2021-08-07 12:55:12.813351
0,0,-1,0,-3,-3,-2,-2,2021-08-07 12:55:12.814354
-2,-3,-3,-9,-12,-5,-4,-4,2021-08-07 12:55:12.814354
-3,-4,-6,-7,-5,-5,-1,-4,2021-08-07 12:55:12.827354
-1,0,0,-7,-10,-5,-2,0,2021-08-07 12:55:12.827354
4,5,6,14,22,18,9,5,2021-08-07 12:55:12.834351
-2,-1,0,5,-1,-4,-4,-2,2021-08-07 12:55:12.834351
-2,1,2,3,2,1,1,1,2021-08-07 12:55:12.850351
-3,-5,-9,-11,-10,-8,-5,-4,2021-08-07 12:55:12.850351
-3,-4,-5,-12,-8,-3,-2,-3,2021-08-07 12:55:12.852352
0,0,1,3,2,2,1,-1,2021-08-07 12:55:12.852352
3,6,3,7,3,4,3,3,2021-08-07 12:55:12.873354
0,-1,2,6,5,-1,-1,1,2021-08-07 12:55:12.873354
-1,-1,-2,-9,-11,-5,-2,-2,2021-08-07 12:55:12.874354
-5,-6,-5,-7,-12,-5,-5,-4,2021-08-07 12:55:12.874354
4,4,3,13,24,14,8,4,2021-08-07 12:55:12.886353
1,2,-2,-2,-1,1,0,1,2021-08-07 12:55:12.887353
-3,-4,-5,-4,-6,-5,-2,-3,2021-08-07 12:55:12.895353
-2,-1,-1,-4,-11,-11,-6,-1,2021-08-07 12:55:12.896352
-3,-1,-2,-5,-16,-6,-5,-4,2021-08-07 12:55:12.910352
2,0,2,8,23,18,6,1,2021-08-07 12:55:12.910352
1,0,-1,-5,1,0,-1,1,2021-08-07 12:55:12.912353
0,-2,-1,-6,-7,-4,0,-2,2021-08-07 12:55:12.912353
-1,-3,0,1,-4,-4,-3,-1,2021-08-07 12:55:12.933351
-1,1,2,1,0,-3,-1,0,2021-08-07 12:55:12.933351
-3,-4,-2,0,-10,-9,-5,-5,2021-08-07 12:55:12.934355
2,3,2,1,8,8,4,3,2021-08-07 12:55:12.934355
1,3,2,-4,-1,1,1,1,2021-08-07 12:55:12.946880
0,2,0,4,7,5,2,0,2021-08-07 12:55:12.946880
1,2,1,7,5,1,0,1,2021-08-07 12:55:12.955877
-4,-6,-8,-17,-14,-8,-5,-3,2021-08-07 12:55:12.955877
0,-2,0,-2,7,2,3,-1,2021-08-07 12:55:12.970876
-2,-2,0,-5,-10,-5,-4,-2,2021-08-07 12:55:12.970876
0,2,3,9,9,5,2,0,2021-08-07 12:55:12.971878
0,0,0,6,2,-5,-2,1,2021-08-07 12:55:12.972877
-3,-3,-7,-14,-18,-6,-4,-3,2021-08-07 12:55:12.992876
0,-2,-3,-8,-4,-2,1,1,2021-08-07 12:55:12.992876
0,-1,2,-1,0,-1,-1,-2,2021-08-07 12:55:12.994880
3,4,2,8,9,6,3,2,2021-08-07 12:55:12.994880
-1,-3,-4,1,-1,-4,-2,-2,2021-08-07 12:55:13.006879
-2,-2,0,-4,-10,-8,-4,-3,2021-08-07 12:55:13.006879
0,0,-2,1,-5,-1,-1,0,2021-08-07 12:55:13.015875
0,0,0,1,15,10,4,3,2021-08-07 12:55:13.015875
-2,0,-3,1,-4,-3,-2,-1,2021-08-07 12:55:13.030876
2,1,0,-4,3,5,3,0,2021-08-07 12:55:13.031875
-1,-4,-4,-7,-7,-7,-4,-3,2021-08-07 12:55:13.032876
-4,-4,3,-2,-11,-9,-7,-4,2021-08-07 12:55:13.032876
1,2,2,14,22,10,3,2,2021-08-07 12:55:13.052877
0,1,-5,4,6,5,2,0,2021-08-07 12:55:13.053879
-1,-1,-3,-8,-5,-3,-1,1,2021-08-07 12:55:13.054876
-2,-3,-5,-5,-9,-5,-5,-3,2021-08-07 12:55:13.054876
-2,-1,1,-4,-8,0,-2,-1,2021-08-07 12:55:13.066876
3,2,8,15,22,13,6,2,2021-08-07 12:55:13.066876
1,2,-1,-1,-1,0,1,2,2021-08-07 12:55:13.082877
-2,-2,-2,-3,-2,-3,0,-3,2021-08-07 12:55:13.083876
-3,-3,-3,-11,-21,-16,-8,-3,2021-08-07 12:55:13.090876
-3,-4,-4,-2,-9,-7,-6,-4,2021-08-07 12:55:13.090876
1,2,2,5,7,6,4,3,2021-08-07 12:55:13.091876
-1,-4,-5,-6,-1,0,1,1,2021-08-07 12:55:13.091876
